timestamp,value,is_anomaly
2022-07-06T05:51:26Z,0,0
2022-07-06T05:51:36Z,0.091757965,0
2022-07-06T05:51:46Z,0.172296752,0
2022-07-06T05:51:56Z,0.226219354,0
2022-07-06T05:52:06Z,0.176357985,0
2022-07-06T05:52:16Z,0.090491245,0
2022-07-06T05:52:26Z,0.084609941,0
2022-07-06T05:52:36Z,0.068426992,0
2022-07-06T05:52:46Z,0.133302697,0
2022-07-06T05:52:56Z,0.085026586,0
2022-07-06T05:53:06Z,0.097073068,0
2022-07-06T05:53:16Z,0,0
2022-07-06T05:53:26Z,0.031063768,0
2022-07-06T05:53:36Z,0.017732751,0
2022-07-06T05:53:46Z,0.063354504,0
2022-07-06T05:53:56Z,0.087870392,0
2022-07-06T05:54:06Z,0.115468157,0
2022-07-06T05:54:16Z,0.073413458,0
2022-07-06T05:54:26Z,0.040392585,0
2022-07-06T05:54:36Z,0.089113356,0
2022-07-06T05:54:46Z,0.098030054,0
2022-07-06T05:54:56Z,0.047140641,0
2022-07-06T05:55:06Z,0.104812791,0
2022-07-06T05:55:16Z,0.204788868,0
2022-07-06T05:55:26Z,0.044851006,0
2022-07-06T05:55:36Z,0.105362214,0
2022-07-06T05:55:46Z,0.084368877,0
2022-07-06T05:55:56Z,0.097980674,0
2022-07-06T05:56:06Z,0.101657262,0
2022-07-06T05:56:16Z,0.056764513,0
2022-07-06T05:56:26Z,0.074428709,0
2022-07-06T05:56:36Z,0.091244453,0
2022-07-06T05:56:46Z,0.094529333,0
2022-07-06T05:56:56Z,0.016638011,0
2022-07-06T05:57:06Z,0.038096862,0
2022-07-06T05:57:16Z,0.064497814,0
2022-07-06T05:57:26Z,0.030426402,0
2022-07-06T05:57:36Z,0.09542321,0
2022-07-06T05:57:46Z,0.069688744,0
2022-07-06T05:57:56Z,0.034686224,0
2022-07-06T05:58:06Z,0.089564461,0
2022-07-06T05:58:16Z,0.073376162,0
2022-07-06T05:58:26Z,0.061939296,0
2022-07-06T05:58:36Z,0.114190892,0
2022-07-06T05:58:46Z,0.104759259,0
2022-07-06T05:58:56Z,0.07965796,0
2022-07-06T05:59:06Z,0.144755463,0
2022-07-06T05:59:16Z,0.142171134,0
2022-07-06T05:59:26Z,0.07696964,0
2022-07-06T05:59:36Z,0.063932734,0
2022-07-06T05:59:46Z,0.14973281,0
2022-07-06T05:59:56Z,0.041478839,0
2022-07-06T06:00:06Z,0.089317973,0
2022-07-06T06:00:16Z,0.088820248,0
2022-07-06T06:00:26Z,0.054872994,0
2022-07-06T06:00:36Z,0.079135533,0
2022-07-06T06:00:46Z,0.163179967,0
2022-07-06T06:00:56Z,0.086719267,0
2022-07-06T06:01:06Z,0.073399951,0
2022-07-06T06:01:16Z,0,0
2022-07-06T06:01:26Z,0.032756244,0
2022-07-06T06:01:36Z,0.054893891,0
2022-07-06T06:01:46Z,0.068514114,0
2022-07-06T06:01:56Z,0.052794142,0
2022-07-06T06:02:06Z,0.023853017,0
2022-07-06T06:02:16Z,0.074261254,0
2022-07-06T06:02:26Z,0.024228588,0
2022-07-06T06:02:36Z,0.09233413,0
2022-07-06T06:02:46Z,0.159306553,0
2022-07-06T06:02:56Z,0.127558382,0
2022-07-06T06:03:06Z,0.101525417,0
2022-07-06T06:03:16Z,0.040148454,0
2022-07-06T06:03:26Z,0.087208372,0
2022-07-06T06:03:36Z,0.074209919,0
2022-07-06T06:03:46Z,0.059044537,0
2022-07-06T06:03:56Z,0.062481698,0
2022-07-06T06:04:06Z,0.088765277,0
2022-07-06T06:04:16Z,0.051354432,0
2022-07-06T06:04:26Z,0.074790104,0
2022-07-06T06:04:36Z,0.091817342,0
2022-07-06T06:04:46Z,0.147627943,0
2022-07-06T06:04:56Z,0.071010044,0
2022-07-06T06:05:06Z,0.076897563,0
2022-07-06T06:05:16Z,0.084125758,0
2022-07-06T06:05:26Z,0.063289214,0
2022-07-06T06:05:36Z,0.057393902,0
2022-07-06T06:05:46Z,0.041819399,0
2022-07-06T06:05:56Z,0.073729686,0
2022-07-06T06:06:06Z,0.153652856,0
2022-07-06T06:06:16Z,0.06035586,0
2022-07-06T06:06:26Z,0.106445863,0
2022-07-06T06:06:36Z,0.059314286,0
2022-07-06T06:06:46Z,0.096293806,0
2022-07-06T06:06:56Z,0.085101425,0
2022-07-06T06:07:06Z,0.111490723,0
2022-07-06T06:07:16Z,0.076266981,0
2022-07-06T06:07:26Z,0.09795212,0
2022-07-06T06:07:36Z,0.172500219,0
2022-07-06T06:07:46Z,0.113891823,0
2022-07-06T06:07:56Z,0.089999618,0
2022-07-06T06:08:06Z,0.048649372,0
2022-07-06T06:08:16Z,0.138617647,0
2022-07-06T06:08:26Z,0.108879559,0
2022-07-06T06:08:36Z,0.054235163,0
2022-07-06T06:08:46Z,0.039004051,0
2022-07-06T06:08:56Z,0.074471308,0
2022-07-06T06:09:06Z,0.040258944,0
2022-07-06T06:09:16Z,0,0
2022-07-06T06:09:26Z,0.027955713,0
2022-07-06T06:09:36Z,0.047309968,0
2022-07-06T06:09:46Z,0.016602764,0
2022-07-06T06:09:56Z,0.042432578,0
2022-07-06T06:10:06Z,0.051191744,0
2022-07-06T06:10:16Z,0,0
2022-07-06T06:10:26Z,0.056724832,0
2022-07-06T06:10:36Z,0.055771059,0
2022-07-06T06:10:46Z,0.081014772,0
2022-07-06T06:10:56Z,0.082536297,0
2022-07-06T06:11:06Z,0.114992037,0
2022-07-06T06:11:16Z,0.076685138,0
2022-07-06T06:11:26Z,0.070057457,0
2022-07-06T06:11:36Z,0.070314774,0
2022-07-06T06:11:46Z,0.091946449,0
2022-07-06T06:11:56Z,0.145605885,0
2022-07-06T06:12:06Z,0.094774329,0
2022-07-06T06:12:16Z,0.102179893,0
2022-07-06T06:12:26Z,0.048542431,0
2022-07-06T06:12:36Z,0.06876055,0
2022-07-06T06:12:46Z,0.075440684,0
2022-07-06T06:12:56Z,0.117713394,0
2022-07-06T06:13:06Z,0.069437398,0
2022-07-06T06:13:16Z,0,0
2022-07-06T06:13:26Z,0,0
2022-07-06T06:13:36Z,0,0
2022-07-06T06:13:46Z,0.027395404,0
2022-07-06T06:13:56Z,0.055202605,0
2022-07-06T06:14:06Z,0.078387348,0
2022-07-06T06:14:16Z,0.118515716,0
2022-07-06T06:14:26Z,0.068395342,0
2022-07-06T06:14:36Z,0.047205972,0
2022-07-06T06:14:46Z,0.079106485,0
2022-07-06T06:14:56Z,0.067550602,0
2022-07-06T06:15:06Z,0.08066657,0
2022-07-06T06:15:16Z,0.044973876,0
2022-07-06T06:15:26Z,0.06573458,0
2022-07-06T06:15:36Z,0.068759647,0
2022-07-06T06:15:46Z,0.027278224,0
2022-07-06T06:15:56Z,0.067695565,0
2022-07-06T06:16:06Z,0.072446699,0
2022-07-06T06:16:16Z,0.028882931,0
2022-07-06T06:16:26Z,0.021568137,0
2022-07-06T06:16:36Z,0.064254625,0
2022-07-06T06:16:46Z,0.073869151,0
2022-07-06T06:16:56Z,0.026644044,0
2022-07-06T06:17:06Z,0.051289859,0
2022-07-06T06:17:16Z,0.099217338,0
2022-07-06T06:17:26Z,0.016615805,0
2022-07-06T06:17:36Z,0.078387348,0
2022-07-06T06:17:46Z,0,0
2022-07-06T06:17:56Z,0.049384244,0
2022-07-06T06:18:06Z,0.043044731,0
2022-07-06T06:18:16Z,0.042155049,0
2022-07-06T06:18:26Z,0.042236538,0
2022-07-06T06:18:36Z,0.10015643,0
2022-07-06T06:18:46Z,0.173781323,0
2022-07-06T06:18:56Z,0.120055195,0
2022-07-06T06:19:06Z,0.144911378,0
2022-07-06T06:19:16Z,0.073369411,0
2022-07-06T06:19:26Z,0.123956261,0
2022-07-06T06:19:36Z,0.150774304,0
2022-07-06T06:19:46Z,0.18960071,0
2022-07-06T06:19:56Z,0.060513489,0
2022-07-06T06:20:06Z,0.072057994,0
2022-07-06T06:20:16Z,0.082361078,0
2022-07-06T06:20:26Z,0.123437752,0
2022-07-06T06:20:36Z,0.107181778,0
2022-07-06T06:20:46Z,0.103593946,0
2022-07-06T06:20:56Z,0.021162435,0
2022-07-06T06:21:06Z,0.074524398,0
2022-07-06T06:21:16Z,0.126870675,0
2022-07-06T06:21:26Z,0.041752618,0
2022-07-06T06:21:36Z,0,0
2022-07-06T06:21:46Z,0.040819652,0
2022-07-06T06:21:56Z,0.082668982,0
2022-07-06T06:22:06Z,0.061813625,0
2022-07-06T06:22:16Z,0,0
2022-07-06T06:22:26Z,0.076137992,0
2022-07-06T06:22:36Z,0.121076395,0
2022-07-06T06:22:46Z,0,0
2022-07-06T06:22:56Z,0.198403397,0
2022-07-06T06:23:06Z,0.20112394,0
2022-07-06T06:23:16Z,0.096833472,0
2022-07-06T06:23:26Z,0.103384509,0
2022-07-06T06:23:36Z,0.101425138,0
2022-07-06T06:23:46Z,0.097792745,0
2022-07-06T06:23:56Z,0.147441523,0
2022-07-06T06:24:06Z,0.083396349,0
2022-07-06T06:24:16Z,0.095637498,0
2022-07-06T06:24:26Z,0.14768844,0
2022-07-06T06:24:36Z,0.113187233,0
2022-07-06T06:24:46Z,0.073729686,0
2022-07-06T06:24:56Z,0.064614078,0
2022-07-06T06:25:06Z,0.05601996,0
2022-07-06T06:25:16Z,0.074812142,0
2022-07-06T06:25:26Z,0.024893884,0
2022-07-06T06:25:36Z,0.023695835,0
2022-07-06T06:25:46Z,0.058680009,0
2022-07-06T06:25:56Z,0.100087793,0
2022-07-06T06:26:06Z,0.066566773,0
2022-07-06T06:26:16Z,0.070501148,0
2022-07-06T06:26:26Z,0.09877902,0
2022-07-06T06:26:36Z,0.118036537,0
2022-07-06T06:26:46Z,0.100767466,0
2022-07-06T06:26:56Z,0.053210709,0
2022-07-06T06:27:06Z,0.09934658,0
2022-07-06T06:27:16Z,0.047275248,0
2022-07-06T06:27:26Z,0.09126221,0
2022-07-06T06:27:36Z,0.038593219,0
2022-07-06T06:27:46Z,0.070273908,0
2022-07-06T06:27:56Z,0.029431888,0
2022-07-06T06:28:06Z,0.09685477,0
2022-07-06T06:28:16Z,0.116564534,0
2022-07-06T06:28:26Z,0.121090551,0
2022-07-06T06:28:36Z,0.203815546,0
2022-07-06T06:28:46Z,0.046311768,0
2022-07-06T06:28:56Z,0.182613064,0
2022-07-06T06:29:06Z,0.021992751,0
2022-07-06T06:29:16Z,0.088072259,0
2022-07-06T06:29:26Z,0.0378965,0
2022-07-06T06:29:36Z,0.098828433,0
2022-07-06T06:29:46Z,0.076277688,0
2022-07-06T06:29:56Z,0.022875979,0
2022-07-06T06:30:06Z,0.100221622,0
2022-07-06T06:30:16Z,0.081172004,0
2022-07-06T06:30:26Z,0.097506678,0
2022-07-06T06:30:36Z,0.056807229,0
2022-07-06T06:30:46Z,0.122408557,0
2022-07-06T06:30:56Z,0.171548514,0
2022-07-06T06:31:06Z,0.075015593,0
2022-07-06T06:31:16Z,0.113884101,0
2022-07-06T06:31:26Z,0.10519028,0
2022-07-06T06:31:36Z,0.1150533,0
2022-07-06T06:31:46Z,0.10890531,0
2022-07-06T06:31:56Z,0.099350621,0
2022-07-06T06:32:06Z,0.12889794,0
2022-07-06T06:32:16Z,0.120693782,0
2022-07-06T06:32:26Z,0.130530349,0
2022-07-06T06:32:36Z,0.078977758,0
2022-07-06T06:32:46Z,0.080884163,0
2022-07-06T06:32:56Z,0.04008956,0
2022-07-06T06:33:06Z,0.050637254,0
2022-07-06T06:33:16Z,0.039066292,0
2022-07-06T06:33:26Z,0.028611753,0
2022-07-06T06:33:36Z,0.040593365,0
2022-07-06T06:33:46Z,0.038807415,0
2022-07-06T06:33:56Z,0.078327963,0
2022-07-06T06:34:06Z,0.066320996,0
2022-07-06T06:34:16Z,0.083175583,0
2022-07-06T06:34:26Z,0.068024646,0
2022-07-06T06:34:36Z,0.051675071,0
2022-07-06T06:34:46Z,0.044129112,0
2022-07-06T06:34:56Z,0.037685894,0
2022-07-06T06:35:06Z,0.093414561,0
2022-07-06T06:35:16Z,0.06987083,0
2022-07-06T06:35:26Z,0.021992751,0
2022-07-06T06:35:36Z,0.113055662,0
2022-07-06T06:35:46Z,0.030884138,0
2022-07-06T06:35:56Z,0.103813774,0
2022-07-06T06:36:06Z,0.048953769,0
2022-07-06T06:36:16Z,0.042258794,0
2022-07-06T06:36:26Z,0.048388686,0
2022-07-06T06:36:36Z,0.034197831,0
2022-07-06T06:36:46Z,0.088359531,0
2022-07-06T06:36:56Z,0.086890518,0
2022-07-06T06:37:06Z,0.031087562,0
2022-07-06T06:37:16Z,0.071287463,0
2022-07-06T06:37:26Z,0.14372617,0
2022-07-06T06:37:36Z,0.126475175,0
2022-07-06T06:37:46Z,0.042854531,0
2022-07-06T06:37:56Z,0.03993039,0
2022-07-06T06:38:06Z,0.076184645,0
2022-07-06T06:38:16Z,0.03783002,0
2022-07-06T06:38:26Z,0.030884138,0
2022-07-06T06:38:36Z,0.04831655,0
2022-07-06T06:38:46Z,0.109865856,0
2022-07-06T06:38:56Z,0.025485003,0
2022-07-06T06:39:06Z,0.124517576,0
2022-07-06T06:39:16Z,0.128756909,0
2022-07-06T06:39:26Z,0.157206391,0
2022-07-06T06:39:36Z,0.079092017,0
2022-07-06T06:39:46Z,0.147114999,0
2022-07-06T06:39:56Z,0.053141097,0
2022-07-06T06:40:06Z,0.101362463,0
2022-07-06T06:40:16Z,0.053119316,0
2022-07-06T06:40:26Z,0.113133516,0
2022-07-06T06:40:36Z,0.076760188,0
2022-07-06T06:40:46Z,0.088905221,0
2022-07-06T06:40:56Z,0.100955513,0
2022-07-06T06:41:06Z,0.156854275,0
2022-07-06T06:41:16Z,0.11090639,0
2022-07-06T06:41:26Z,0.05479809,0
2022-07-06T06:41:36Z,0.084613166,0
2022-07-06T06:41:46Z,0.157904255,0
2022-07-06T06:41:56Z,0.021675109,0
2022-07-06T06:42:06Z,0.141120496,0
2022-07-06T06:42:16Z,0.059612112,0
2022-07-06T06:42:26Z,0.067835891,0
2022-07-06T06:42:36Z,0.04741446,0
2022-07-06T06:42:46Z,0.05034867,0
2022-07-06T06:42:56Z,0.072967158,0
2022-07-06T06:43:06Z,0.107135272,0
2022-07-06T06:43:16Z,0.073622497,0
2022-07-06T06:43:26Z,0.115564764,0
2022-07-06T06:43:36Z,0.03416049,0
2022-07-06T06:43:46Z,0.019571935,0
2022-07-06T06:43:56Z,0.157209962,0
2022-07-06T06:44:06Z,0.115150415,0
2022-07-06T06:44:16Z,0.086415716,0
2022-07-06T06:44:26Z,0.092606307,0
2022-07-06T06:44:36Z,0.046458579,0
2022-07-06T06:44:46Z,0.109778316,0
2022-07-06T06:44:56Z,0.110900092,0
2022-07-06T06:45:06Z,0.076652795,0
2022-07-06T06:45:16Z,0.10872024,0
2022-07-06T06:45:26Z,0.114716289,0
2022-07-06T06:45:36Z,0.110700247,0
2022-07-06T06:45:46Z,0.026827723,0
2022-07-06T06:45:56Z,0.029426631,0
2022-07-06T06:46:06Z,0.028611753,0
2022-07-06T06:46:16Z,0.053106181,0
2022-07-06T06:46:26Z,0.055538161,0
2022-07-06T06:46:36Z,0.110096904,0
2022-07-06T06:46:46Z,0.109799781,0
2022-07-06T06:46:56Z,0.036174223,0
2022-07-06T06:47:06Z,0.048361321,0
2022-07-06T06:47:16Z,0.10958126,0
2022-07-06T06:47:26Z,0.047305344,0
2022-07-06T06:47:36Z,0.045316869,0
2022-07-06T06:47:46Z,0.132550545,0
2022-07-06T06:47:56Z,0.079695587,0
2022-07-06T06:48:06Z,0.102773552,0
2022-07-06T06:48:16Z,0.150611248,0
2022-07-06T06:48:26Z,0.145091697,0
2022-07-06T06:48:36Z,0.05444525,0
2022-07-06T06:48:46Z,0.0820588,0
2022-07-06T06:48:56Z,0.042151312,0
2022-07-06T06:49:06Z,0.057404703,0
2022-07-06T06:49:16Z,0.040891918,0
2022-07-06T06:49:26Z,0.045224637,0
2022-07-06T06:49:36Z,0,0
2022-07-06T06:49:46Z,0,0
2022-07-06T06:49:56Z,0.103354567,0
2022-07-06T06:50:06Z,0.033846222,0
2022-07-06T06:50:16Z,0.026167129,0
2022-07-06T06:50:26Z,0.085717678,0
2022-07-06T06:50:36Z,0.124599536,0
2022-07-06T06:50:46Z,0.054750658,0
2022-07-06T06:50:56Z,0.207991068,0
2022-07-06T06:51:06Z,0.103142311,0
2022-07-06T06:51:16Z,0.122126533,0
2022-07-06T06:51:26Z,0.191590583,0
2022-07-06T06:51:36Z,0.107821809,0
2022-07-06T06:51:46Z,0.064088695,0
2022-07-06T06:51:56Z,0.095540169,0
2022-07-06T06:52:06Z,0.039360297,0
2022-07-06T06:52:16Z,0.086611479,0
2022-07-06T06:52:26Z,0.058455074,0
2022-07-06T06:52:36Z,0.0514908,0
2022-07-06T06:52:46Z,0.075496433,0
2022-07-06T06:52:56Z,0.103586252,0
2022-07-06T06:53:06Z,0.062806431,0
2022-07-06T06:53:16Z,0.08970339,0
2022-07-06T06:53:26Z,0.094517316,0
2022-07-06T06:53:36Z,0.032322012,0
2022-07-06T06:53:46Z,0.04791156,0
2022-07-06T06:53:56Z,0.062001214,0
2022-07-06T06:54:06Z,0.027102719,0
2022-07-06T06:54:16Z,0.034703115,0
2022-07-06T06:54:26Z,0.066236018,0
2022-07-06T06:54:36Z,0.032230355,0
2022-07-06T06:54:46Z,0.115596642,0
2022-07-06T06:54:56Z,0.021952502,0
2022-07-06T06:55:06Z,0.133477112,0
2022-07-06T06:55:16Z,0.105794083,0
2022-07-06T06:55:26Z,0.106790354,0
2022-07-06T06:55:36Z,0.068633628,0
2022-07-06T06:55:46Z,0.04699518,0
2022-07-06T06:55:56Z,0.141596401,0
2022-07-06T06:56:06Z,0.078500039,0
2022-07-06T06:56:16Z,0.049232295,0
2022-07-06T06:56:26Z,0.078777592,0
2022-07-06T06:56:36Z,0.089934335,0
2022-07-06T06:56:46Z,0.081869164,0
2022-07-06T06:56:56Z,0.145560649,0
2022-07-06T06:57:06Z,0,0
2022-07-06T06:57:16Z,0,0
2022-07-06T06:57:26Z,0.030693547,0
2022-07-06T06:57:36Z,0,0
2022-07-06T06:57:46Z,0.046999448,0
2022-07-06T06:57:56Z,0.02881558,0
2022-07-06T06:58:06Z,0,0
2022-07-06T06:58:16Z,0.039360297,0
2022-07-06T06:58:26Z,0.039570832,0
2022-07-06T06:58:36Z,0.090659246,0
2022-07-06T06:58:46Z,0.105405791,0
2022-07-06T06:58:56Z,0.06260161,0
2022-07-06T06:59:06Z,0.051455856,0
2022-07-06T06:59:16Z,0.054631759,0
2022-07-06T06:59:26Z,0.090178229,0
2022-07-06T06:59:36Z,0.045287525,0
2022-07-06T06:59:46Z,0.033344698,0
2022-07-06T06:59:56Z,0.080098395,0
2022-07-06T07:00:06Z,0.025162301,0
2022-07-06T07:00:16Z,0.078260793,0
2022-07-06T07:00:26Z,0.072238639,0
2022-07-06T07:00:36Z,0.042917874,0
2022-07-06T07:00:46Z,0.047205972,0
2022-07-06T07:00:56Z,0.048273008,0
2022-07-06T07:01:06Z,0.036987976,0
2022-07-06T07:01:16Z,0.062914637,0
2022-07-06T07:01:26Z,0.033319304,0
2022-07-06T07:01:36Z,0.029115276,0
2022-07-06T07:01:46Z,0.068216381,0
2022-07-06T07:01:56Z,0.015408589,0
2022-07-06T07:02:06Z,0.019160184,0
2022-07-06T07:02:16Z,0.063742397,0
2022-07-06T07:02:26Z,0.099738891,0
2022-07-06T07:02:36Z,0.109506216,0
2022-07-06T07:02:46Z,0.061389206,0
2022-07-06T07:02:56Z,0.051307638,0
2022-07-06T07:03:06Z,0.082471572,0
2022-07-06T07:03:16Z,0.060122449,0
2022-07-06T07:03:26Z,0.07469843,0
2022-07-06T07:03:36Z,0.056170625,0
2022-07-06T07:03:46Z,0.052668953,0
2022-07-06T07:03:56Z,0.068871884,0
2022-07-06T07:04:06Z,0.040236057,0
2022-07-06T07:04:16Z,0.053200012,0
2022-07-06T07:04:26Z,0.056725172,0
2022-07-06T07:04:36Z,0.035229341,0
2022-07-06T07:04:46Z,0,0
2022-07-06T07:04:56Z,0.020190723,0
2022-07-06T07:05:06Z,0.093342961,0
2022-07-06T07:05:16Z,0,0
2022-07-06T07:05:26Z,0.015717168,0
2022-07-06T07:05:36Z,0.01719061,0
2022-07-06T07:05:46Z,0,0
2022-07-06T07:05:56Z,0.043273462,0
2022-07-06T07:06:06Z,0.029854521,0
2022-07-06T07:06:16Z,0.01738362,0
2022-07-06T07:06:26Z,0.046391384,0
2022-07-06T07:06:36Z,0.042155878,0
2022-07-06T07:06:46Z,0.052684222,0
2022-07-06T07:06:56Z,0.063573954,0
2022-07-06T07:07:06Z,0.077413583,0
2022-07-06T07:07:16Z,0.069605079,0
2022-07-06T07:07:26Z,0.075937968,0
2022-07-06T07:07:36Z,0.047354002,0
2022-07-06T07:07:46Z,0.04400004,0
2022-07-06T07:07:56Z,0.095130972,0
2022-07-06T07:08:06Z,0.069274988,0
2022-07-06T07:08:16Z,0.061118974,0
2022-07-06T07:08:26Z,0.056393741,0
2022-07-06T07:08:36Z,0.061250866,0
2022-07-06T07:08:46Z,0.047746884,0
2022-07-06T07:08:56Z,0.047136441,0
2022-07-06T07:09:06Z,0,0
2022-07-06T07:09:16Z,0,0
2022-07-06T07:09:26Z,0.04982852,0
2022-07-06T07:09:36Z,0,0
2022-07-06T07:09:46Z,0,0
2022-07-06T07:09:56Z,0.043576825,0
2022-07-06T07:10:06Z,0.035173892,0
2022-07-06T07:10:16Z,0.044135104,0
2022-07-06T07:10:26Z,0.016955671,0
2022-07-06T07:10:36Z,0.133039649,0
2022-07-06T07:10:46Z,0.016462114,0
2022-07-06T07:10:56Z,0.055696363,0
2022-07-06T07:11:06Z,0.036411774,0
2022-07-06T07:11:16Z,0.047966724,0
2022-07-06T07:11:26Z,0.056099618,0
2022-07-06T07:11:36Z,0.09699048,0
2022-07-06T07:11:46Z,0.111470382,0
2022-07-06T07:11:56Z,0.044797927,0
2022-07-06T07:12:06Z,0.024403519,0
2022-07-06T07:12:16Z,0.085327768,0
2022-07-06T07:12:26Z,0.043615169,0
2022-07-06T07:12:36Z,0.056692006,0
2022-07-06T07:12:46Z,0.033708553,0
2022-07-06T07:12:56Z,0.040148454,0
2022-07-06T07:13:06Z,0.099551527,0
2022-07-06T07:13:16Z,0,0
2022-07-06T07:13:26Z,0.036157868,0
2022-07-06T07:13:36Z,0.052738785,0
2022-07-06T07:13:46Z,0.021636091,0
2022-07-06T07:13:56Z,0.037120221,0
2022-07-06T07:14:06Z,0.034467327,0
2022-07-06T07:14:16Z,0,0
2022-07-06T07:14:26Z,0.09680702,0
2022-07-06T07:14:36Z,0.059601475,0
2022-07-06T07:14:46Z,0.068431521,0
2022-07-06T07:14:56Z,0.096110855,0
2022-07-06T07:15:06Z,0.06417798,0
2022-07-06T07:15:16Z,0.11565747,0
2022-07-06T07:15:26Z,0.073501732,0
2022-07-06T07:15:36Z,0.072746101,0
2022-07-06T07:15:46Z,0.07557888,0
2022-07-06T07:15:56Z,0.036816888,0
2022-07-06T07:16:06Z,0.093969235,0
2022-07-06T07:16:16Z,0.034848294,0
2022-07-06T07:16:26Z,0.084191269,0
2022-07-06T07:16:36Z,0.131090365,0
2022-07-06T07:16:46Z,0.061132356,0
2022-07-06T07:16:56Z,0.0194781,0
2022-07-06T07:17:06Z,0,0
2022-07-06T07:17:16Z,0,0
2022-07-06T07:17:26Z,0.017965204,0
2022-07-06T07:17:36Z,0.019202263,0
2022-07-06T07:17:46Z,0,0
2022-07-06T07:17:56Z,0.052306327,0
2022-07-06T07:18:06Z,0.085365755,0
2022-07-06T07:18:16Z,0.05246136,0
2022-07-06T07:18:26Z,0.035302993,0
2022-07-06T07:18:36Z,0.028682735,0
2022-07-06T07:18:46Z,0.024204462,0
2022-07-06T07:18:56Z,0.0343601,0
2022-07-06T07:19:06Z,0.018977303,0
2022-07-06T07:19:16Z,0.034308847,0
2022-07-06T07:19:26Z,0.074600883,0
2022-07-06T07:19:36Z,0.055037935,0
2022-07-06T07:19:46Z,0.039311674,0
2022-07-06T07:19:56Z,0.046619928,0
2022-07-06T07:20:06Z,0.048227542,0
2022-07-06T07:20:16Z,0.020367864,0
2022-07-06T07:20:26Z,0.063069968,0
2022-07-06T07:20:36Z,0.054470866,0
2022-07-06T07:20:46Z,0,0
2022-07-06T07:20:56Z,0.059261864,0
2022-07-06T07:21:06Z,0.064174002,0
2022-07-06T07:21:16Z,0,0
2022-07-06T07:21:26Z,0.021912411,0
2022-07-06T07:21:36Z,0.057958262,0
2022-07-06T07:21:46Z,0.035358634,0
2022-07-06T07:21:56Z,0.029191244,0
2022-07-06T07:22:06Z,0.054981314,0
2022-07-06T07:22:16Z,0.064053477,0
2022-07-06T07:22:26Z,0,0
2022-07-06T07:22:36Z,0.055445634,0
2022-07-06T07:22:46Z,0.040996999,0
2022-07-06T07:22:56Z,0.02767019,0
2022-07-06T07:23:06Z,0.054579839,0
2022-07-06T07:23:16Z,0.04483364,0
2022-07-06T07:23:26Z,0.032822972,0
2022-07-06T07:23:36Z,0.017696015,0
2022-07-06T07:23:46Z,0.0941871,0
2022-07-06T07:23:56Z,0.061817529,0
2022-07-06T07:24:06Z,0.054000161,0
2022-07-06T07:24:16Z,0.061656002,0
2022-07-06T07:24:26Z,0.055915839,0
2022-07-06T07:24:36Z,0.062788331,0
2022-07-06T07:24:46Z,0.044888048,0
2022-07-06T07:24:56Z,0.095259485,0
2022-07-06T07:25:06Z,0.021952502,0
2022-07-06T07:25:16Z,0,0
2022-07-06T07:25:26Z,0,0
2022-07-06T07:25:36Z,0,0
2022-07-06T07:25:46Z,0.06155708,0
2022-07-06T07:25:56Z,0.14186075,0
2022-07-06T07:26:06Z,0,0
2022-07-06T07:26:16Z,0.077457674,0
2022-07-06T07:26:26Z,0.164229773,0
2022-07-06T07:26:36Z,0.049366067,0
2022-07-06T07:26:46Z,0.100643816,0
2022-07-06T07:26:56Z,0.119091593,0
2022-07-06T07:27:06Z,0.090038167,0
2022-07-06T07:27:16Z,0.055882659,0
2022-07-06T07:27:26Z,0.183689391,0
2022-07-06T07:27:36Z,0.085742683,0
2022-07-06T07:27:46Z,0.125597007,0
2022-07-06T07:27:56Z,0.086129851,0
2022-07-06T07:28:06Z,0.041752618,0
2022-07-06T07:28:16Z,0.094396474,0
2022-07-06T07:28:26Z,0.04532396,0
2022-07-06T07:28:36Z,0.138084113,0
2022-07-06T07:28:46Z,0.080293499,0
2022-07-06T07:28:56Z,0.065073075,0
2022-07-06T07:29:06Z,0.084518022,0
2022-07-06T07:29:16Z,0.030507396,0
2022-07-06T07:29:26Z,0.058925029,0
2022-07-06T07:29:36Z,0,0
2022-07-06T07:29:46Z,0.033075906,0
2022-07-06T07:29:56Z,0.166337047,0
2022-07-06T07:30:06Z,0.10228536,0
2022-07-06T07:30:16Z,0.169493655,0
2022-07-06T07:30:26Z,0.082603978,0
2022-07-06T07:30:36Z,0.024378364,0
2022-07-06T07:30:46Z,0.156868741,0
2022-07-06T07:30:56Z,0.063929461,0
2022-07-06T07:31:06Z,0.12602019,0
2022-07-06T07:31:16Z,0.035137192,0
2022-07-06T07:31:26Z,0.149657281,0
2022-07-06T07:31:36Z,0.100461701,0
2022-07-06T07:31:46Z,0.131631055,0
2022-07-06T07:31:56Z,0.043899611,0
2022-07-06T07:32:06Z,0.195670929,0
2022-07-06T07:32:16Z,0.191350117,0
2022-07-06T07:32:26Z,0.11171915,0
2022-07-06T07:32:36Z,0.032053605,0
2022-07-06T07:32:46Z,0.096448362,0
2022-07-06T07:32:56Z,0.079349962,0
2022-07-06T07:33:06Z,0.024581173,0
2022-07-06T07:33:16Z,0.025596039,0
2022-07-06T07:33:26Z,0.027922074,0
2022-07-06T07:33:36Z,0.02593545,0
2022-07-06T07:33:46Z,0.033086949,0
2022-07-06T07:33:56Z,0.04726007,0
2022-07-06T07:34:06Z,0.03848713,0
2022-07-06T07:34:16Z,0.160801698,0
2022-07-06T07:34:26Z,0.1263527,0
2022-07-06T07:34:36Z,0.046904492,0
2022-07-06T07:34:46Z,0.059534673,0
2022-07-06T07:34:56Z,0.12198352,0
2022-07-06T07:35:06Z,0.052131598,0
2022-07-06T07:35:16Z,0.094084439,0
2022-07-06T07:35:26Z,0.134867648,0
2022-07-06T07:35:36Z,0.062226183,0
2022-07-06T07:35:46Z,0.091202035,0
2022-07-06T07:35:56Z,0.096137859,0
2022-07-06T07:36:06Z,0.104491092,0
2022-07-06T07:36:16Z,0.097127966,0
2022-07-06T07:36:26Z,0.06440498,0
2022-07-06T07:36:36Z,0.101881819,0
2022-07-06T07:36:46Z,0.199534644,0
2022-07-06T07:36:56Z,0.074783946,0
2022-07-06T07:37:06Z,0,0
2022-07-06T07:37:16Z,0,0
2022-07-06T07:37:26Z,0,0
2022-07-06T07:37:36Z,0.041436571,0
2022-07-06T07:37:46Z,0.038671791,0
2022-07-06T07:37:56Z,0.035810634,0
2022-07-06T07:38:06Z,0.140992921,0
2022-07-06T07:38:16Z,0,0
2022-07-06T07:38:26Z,0.05291508,0
2022-07-06T07:38:36Z,0.119660229,0
2022-07-06T07:38:46Z,0.129738707,0
2022-07-06T07:38:56Z,0.023838634,0
2022-07-06T07:39:06Z,0.123586803,0
2022-07-06T07:39:16Z,0.089095336,0
2022-07-06T07:39:26Z,0.019762531,0
2022-07-06T07:39:36Z,0.020994993,0
2022-07-06T07:39:46Z,0.103802947,0
2022-07-06T07:39:56Z,0.079228021,0
2022-07-06T07:40:06Z,0.03901278,0
2022-07-06T07:40:16Z,0.106587136,0
2022-07-06T07:40:26Z,0.144262785,0
2022-07-06T07:40:36Z,0.08706207,0
2022-07-06T07:40:46Z,0.16325946,0
2022-07-06T07:40:56Z,0,0
2022-07-06T07:41:06Z,0,0
2022-07-06T07:41:16Z,0.077296091,0
2022-07-06T07:41:26Z,0.058100748,0
2022-07-06T07:41:36Z,0.061191523,0
2022-07-06T07:41:46Z,0.08592376,0
2022-07-06T07:41:56Z,0.033467197,0
2022-07-06T07:42:06Z,0.030265789,0
2022-07-06T07:42:16Z,0.119503109,0
2022-07-06T07:42:26Z,0.091691483,0
2022-07-06T07:42:36Z,0.184393548,0
2022-07-06T07:42:46Z,0.107419241,0
2022-07-06T07:42:56Z,0.158624616,0
2022-07-06T07:43:06Z,0.149578131,0
2022-07-06T07:43:16Z,0.240594086,0
2022-07-06T07:43:26Z,0.155111152,0
2022-07-06T07:43:36Z,0.195824626,0
2022-07-06T07:43:46Z,0.1398156,0
2022-07-06T07:43:56Z,0.139232999,0
2022-07-06T07:44:06Z,0.13079771,0
2022-07-06T07:44:16Z,0.053672881,0
2022-07-06T07:44:26Z,0.109713737,0
2022-07-06T07:44:36Z,0.138252049,0
2022-07-06T07:44:46Z,0.139127789,0
2022-07-06T07:44:56Z,0.102158036,0
2022-07-06T07:45:06Z,0.096617489,0
2022-07-06T07:45:16Z,0,0
2022-07-06T07:45:26Z,0,0
2022-07-06T07:45:36Z,0,0
2022-07-06T07:45:46Z,0,0
2022-07-06T07:45:56Z,0,0
2022-07-06T07:46:06Z,0.068897519,0
2022-07-06T07:46:16Z,0.054185698,0
2022-07-06T07:46:26Z,0.065073075,0
2022-07-06T07:46:36Z,0.10547682,0
2022-07-06T07:46:46Z,0.056437862,0
2022-07-06T07:46:56Z,0.098703712,0
2022-07-06T07:47:06Z,0.143318897,0
2022-07-06T07:47:16Z,0.057044495,0
2022-07-06T07:47:26Z,0,0
2022-07-06T07:47:36Z,0.032146953,0
2022-07-06T07:47:46Z,0.068135615,0
2022-07-06T07:47:56Z,0.0345143,0
2022-07-06T07:48:06Z,0.028306669,0
2022-07-06T07:48:16Z,0.13119922,0
2022-07-06T07:48:26Z,0.093609772,0
2022-07-06T07:48:36Z,0.111790187,0
2022-07-06T07:48:46Z,0.065272681,0
2022-07-06T07:48:56Z,0.159018861,0
2022-07-06T07:49:06Z,0,0
2022-07-06T07:49:16Z,0.265375073,0
2022-07-06T07:49:26Z,0,0
2022-07-06T07:49:36Z,0.056610337,0
2022-07-06T07:49:46Z,0.026644044,0
2022-07-06T07:49:56Z,0.040819652,0
2022-07-06T07:50:06Z,0.134977015,0
2022-07-06T07:50:16Z,0.168534336,0
2022-07-06T07:50:26Z,0.086555578,0
2022-07-06T07:50:36Z,0.057411278,0
2022-07-06T07:50:46Z,0.037244402,0
2022-07-06T07:50:56Z,0.113274303,0
2022-07-06T07:51:06Z,0.156909585,0
2022-07-06T07:51:16Z,0.096042254,0
2022-07-06T07:51:26Z,0.067464457,0
2022-07-06T07:51:36Z,0.058373145,0
2022-07-06T07:51:46Z,0.048008603,0
2022-07-06T07:51:56Z,0.12614217,0
2022-07-06T07:52:06Z,0.077186121,0
2022-07-06T07:52:16Z,0.042879382,0
2022-07-06T07:52:26Z,0.031014263,0
2022-07-06T07:52:36Z,0.139571711,0
2022-07-06T07:52:46Z,0.027108383,0
2022-07-06T07:52:56Z,0,0
2022-07-06T07:53:06Z,0,0
2022-07-06T07:53:16Z,0,0
2022-07-06T07:53:26Z,0.025265991,0
2022-07-06T07:53:36Z,0,0
2022-07-06T07:53:46Z,0.047219927,0
2022-07-06T07:53:56Z,0.083109434,0
2022-07-06T07:54:06Z,0.108607093,0
2022-07-06T07:54:16Z,0.098319718,0
2022-07-06T07:54:26Z,0.022012934,0
2022-07-06T07:54:36Z,0.064929719,0
2022-07-06T07:54:46Z,0.036960536,0
2022-07-06T07:54:56Z,0.068536856,0
2022-07-06T07:55:06Z,0.012398281,0
2022-07-06T07:55:16Z,0.035305312,0
2022-07-06T07:55:26Z,0.024153733,0
2022-07-06T07:55:36Z,0.031750779,0
2022-07-06T07:55:46Z,0.092612686,0
2022-07-06T07:55:56Z,0.126743402,0
2022-07-06T07:56:06Z,0.068594712,0
2022-07-06T07:56:16Z,0.138665408,0
2022-07-06T07:56:26Z,0.046813024,0
2022-07-06T07:56:36Z,0.072990046,0
2022-07-06T07:56:46Z,0.171567595,0
2022-07-06T07:56:56Z,0.0518767,0
2022-07-06T07:57:06Z,0.031958699,0
2022-07-06T07:57:16Z,0.073333735,0
2022-07-06T07:57:26Z,0,0
2022-07-06T07:57:36Z,0.023187512,0
2022-07-06T07:57:46Z,0.031672523,0
2022-07-06T07:57:56Z,0.091103855,0
2022-07-06T07:58:06Z,0,0
2022-07-06T07:58:16Z,0.098339861,0
2022-07-06T07:58:26Z,0.080119433,0
2022-07-06T07:58:36Z,0.043646436,0
2022-07-06T07:58:46Z,0.091445521,0
2022-07-06T07:58:56Z,0.067771121,0
2022-07-06T07:59:06Z,0.049768578,0
2022-07-06T07:59:16Z,0.067455979,0
2022-07-06T07:59:26Z,0.141028754,0
2022-07-06T07:59:36Z,0.045219329,0
2022-07-06T07:59:46Z,0.032382889,0
2022-07-06T07:59:56Z,0.075100266,0
2022-07-06T08:00:06Z,0.038989846,0
2022-07-06T08:00:16Z,0.093396609,0
2022-07-06T08:00:26Z,0.067976197,0
2022-07-06T08:00:36Z,0.083262873,0
2022-07-06T08:00:46Z,0.01511263,0
2022-07-06T08:00:56Z,0.031549757,0
2022-07-06T08:01:06Z,0,0
2022-07-06T08:01:16Z,0,0
2022-07-06T08:01:26Z,0.017214486,0
2022-07-06T08:01:36Z,0.015541992,0
2022-07-06T08:01:46Z,0,0
2022-07-06T08:01:56Z,0.027199844,0
2022-07-06T08:02:06Z,0.053744802,0
2022-07-06T08:02:16Z,0.056755113,0
2022-07-06T08:02:26Z,0.070873939,0
2022-07-06T08:02:36Z,0.19022951,0
2022-07-06T08:02:46Z,0.175895409,0
2022-07-06T08:02:56Z,0.022875979,0
2022-07-06T08:03:06Z,0,0
2022-07-06T08:03:16Z,0.136814032,0
2022-07-06T08:03:26Z,0.058507486,0
2022-07-06T08:03:36Z,0.102270756,0
2022-07-06T08:03:46Z,0.067260961,0
2022-07-06T08:03:56Z,0.152671999,0
2022-07-06T08:04:06Z,0.069818222,0
2022-07-06T08:04:16Z,0.030305772,0
2022-07-06T08:04:26Z,0.092117003,0
2022-07-06T08:04:36Z,0.122981774,0
2022-07-06T08:04:46Z,0.087057227,0
2022-07-06T08:04:56Z,0.075299201,0
2022-07-06T08:05:06Z,0.06217695,0
2022-07-06T08:05:16Z,0.020886039,0
2022-07-06T08:05:26Z,0.081482004,0
2022-07-06T08:05:36Z,0.027014134,0
2022-07-06T08:05:46Z,0.082719406,0
2022-07-06T08:05:56Z,0.038537181,0
2022-07-06T08:06:06Z,0.090543853,0
2022-07-06T08:06:16Z,0.02593545,0
2022-07-06T08:06:26Z,0.090692829,0
2022-07-06T08:06:36Z,0.091546302,0
2022-07-06T08:06:46Z,0.095626354,0
2022-07-06T08:06:56Z,0,0
2022-07-06T08:07:06Z,0,0
2022-07-06T08:07:16Z,0.02726704,0
2022-07-06T08:07:26Z,0.02410281,0
2022-07-06T08:07:36Z,0.072297652,0
2022-07-06T08:07:46Z,0.123486239,0
2022-07-06T08:07:56Z,0.077453589,0
2022-07-06T08:08:06Z,0.056625579,0
2022-07-06T08:08:16Z,0.155090293,0
2022-07-06T08:08:26Z,0.079595064,0
2022-07-06T08:08:36Z,0.053225614,0
2022-07-06T08:08:46Z,0.057411278,0
2022-07-06T08:08:56Z,0.077171347,0
2022-07-06T08:09:06Z,0,0
2022-07-06T08:09:16Z,0.075126421,0
2022-07-06T08:09:26Z,0,0
2022-07-06T08:09:36Z,0,0
2022-07-06T08:09:46Z,0.026463036,0
2022-07-06T08:09:56Z,0.024228588,0
2022-07-06T08:10:06Z,0.055182797,0
2022-07-06T08:10:16Z,0.096076901,0
2022-07-06T08:10:26Z,0.059431847,0
2022-07-06T08:10:36Z,0.018731902,0
2022-07-06T08:10:46Z,0.033970516,0
2022-07-06T08:10:56Z,0.049963174,0
2022-07-06T08:11:06Z,0.073295374,0
2022-07-06T08:11:16Z,0.017715538,0
2022-07-06T08:11:26Z,0.014656639,0
2022-07-06T08:11:36Z,0.155132712,0
2022-07-06T08:11:46Z,0.06544162,0
2022-07-06T08:11:56Z,0.122764473,0
2022-07-06T08:12:06Z,0.054046417,0
2022-07-06T08:12:16Z,0.0682777,0
2022-07-06T08:12:26Z,0.101718543,0
2022-07-06T08:12:36Z,0.093454286,0
2022-07-06T08:12:46Z,0.043184362,0
2022-07-06T08:12:56Z,0.100507073,0
2022-07-06T08:13:06Z,0.019571935,0
2022-07-06T08:13:16Z,0,0
2022-07-06T08:13:26Z,0,0
2022-07-06T08:13:36Z,0.027139956,0
2022-07-06T08:13:46Z,0.092632629,0
2022-07-06T08:13:56Z,0.098676638,0
2022-07-06T08:14:06Z,0,0
2022-07-06T08:14:16Z,0.111323659,0
2022-07-06T08:14:26Z,0.09473019,0
2022-07-06T08:14:36Z,0.061070711,0
2022-07-06T08:14:46Z,0.184778321,0
2022-07-06T08:14:56Z,0.055986691,0
2022-07-06T08:15:06Z,0.1626448,0
2022-07-06T08:15:16Z,0.026215643,0
2022-07-06T08:15:26Z,0,0
2022-07-06T08:15:36Z,0.054655617,0
2022-07-06T08:15:46Z,0.070766925,0
2022-07-06T08:15:56Z,0.067217215,0
2022-07-06T08:16:06Z,0.046060828,0
2022-07-06T08:16:16Z,0.083297951,0
2022-07-06T08:16:26Z,0.082190208,0
2022-07-06T08:16:36Z,0.046792553,0
2022-07-06T08:16:46Z,0.06755715,0
2022-07-06T08:16:56Z,0.099050882,0
2022-07-06T08:17:06Z,0,0
2022-07-06T08:17:16Z,0.108246374,0
2022-07-06T08:17:26Z,0,0
2022-07-06T08:17:36Z,0,0
2022-07-06T08:17:46Z,0.037750185,0
2022-07-06T08:17:56Z,0.030345868,0
2022-07-06T08:18:06Z,0.057665227,0
2022-07-06T08:18:16Z,0.167740717,0
2022-07-06T08:18:26Z,0.104621649,0
2022-07-06T08:18:36Z,0.051974117,0
2022-07-06T08:18:46Z,0.070438547,0
2022-07-06T08:18:56Z,0.11437533,0
2022-07-06T08:19:06Z,0.028754095,0
2022-07-06T08:19:16Z,0.068742658,0
2022-07-06T08:19:26Z,0.041552256,0
2022-07-06T08:19:36Z,0.033571348,0
2022-07-06T08:19:46Z,0.014724879,0
2022-07-06T08:19:56Z,0.046095581,0
2022-07-06T08:20:06Z,0.031859775,0
2022-07-06T08:20:16Z,0.094121536,0
2022-07-06T08:20:26Z,0.11471875,0
2022-07-06T08:20:36Z,0.093755302,0
2022-07-06T08:20:46Z,0.108989489,0
2022-07-06T08:20:56Z,0.031129909,0
2022-07-06T08:21:06Z,0,0
2022-07-06T08:21:16Z,0.020155867,0
2022-07-06T08:21:26Z,0.016795241,0
2022-07-06T08:21:36Z,0,0
2022-07-06T08:21:46Z,0,0
2022-07-06T08:21:56Z,0.017481869,0
2022-07-06T08:22:06Z,0.015638795,0
2022-07-06T08:22:16Z,0.037878947,0
2022-07-06T08:22:26Z,0.148708295,0
2022-07-06T08:22:36Z,0.073220308,0
2022-07-06T08:22:46Z,0.105045533,0
2022-07-06T08:22:56Z,0.107710488,0
2022-07-06T08:23:06Z,0.07484115,0
2022-07-06T08:23:16Z,0.103775267,0
2022-07-06T08:23:26Z,0.052336697,0
2022-07-06T08:23:36Z,0.03993039,0
2022-07-06T08:23:46Z,0.052659027,0
2022-07-06T08:23:56Z,0.071593754,0
2022-07-06T08:24:06Z,0.072107773,0
2022-07-06T08:24:16Z,0.144072213,0
2022-07-06T08:24:26Z,0.078873737,0
2022-07-06T08:24:36Z,0.090543853,0
2022-07-06T08:24:46Z,0,0
2022-07-06T08:24:56Z,0.182296624,0
2022-07-06T08:25:06Z,0.100643816,0
2022-07-06T08:25:16Z,0,0
2022-07-06T08:25:26Z,0,0
2022-07-06T08:25:36Z,0,0
2022-07-06T08:25:46Z,0.06466105,0
2022-07-06T08:25:56Z,0.106102129,0
2022-07-06T08:26:06Z,0.09834524,0
2022-07-06T08:26:16Z,0.055426072,0
2022-07-06T08:26:26Z,0.026036719,0
2022-07-06T08:26:36Z,0.058176602,0
2022-07-06T08:26:46Z,0.116440355,0
2022-07-06T08:26:56Z,0.067489739,0
2022-07-06T08:27:06Z,0.091155535,0
2022-07-06T08:27:16Z,0.052217415,0
2022-07-06T08:27:26Z,0.028401045,0
2022-07-06T08:27:36Z,0.060309912,0
2022-07-06T08:27:46Z,0.057683226,0
2022-07-06T08:27:56Z,0.049602244,0
2022-07-06T08:28:06Z,0.054771619,0
2022-07-06T08:28:16Z,0.014455899,0
2022-07-06T08:28:26Z,0.055635719,0
2022-07-06T08:28:36Z,0.07748895,0
2022-07-06T08:28:46Z,0.067760259,0
2022-07-06T08:28:56Z,0.033919454,0
2022-07-06T08:29:06Z,0.030948232,0
2022-07-06T08:29:16Z,0,0
2022-07-06T08:29:26Z,0,0
2022-07-06T08:29:36Z,0,0
2022-07-06T08:29:46Z,0,0
2022-07-06T08:29:56Z,0,0
2022-07-06T08:30:06Z,0.101500336,0
2022-07-06T08:30:16Z,0.136502962,0
2022-07-06T08:30:26Z,0.048341332,0
2022-07-06T08:30:36Z,0.055919637,0
2022-07-06T08:30:46Z,0.052826774,0
2022-07-06T08:30:56Z,0.079329846,0
2022-07-06T08:31:06Z,0.03331088,0
2022-07-06T08:31:16Z,0.048306771,0
2022-07-06T08:31:26Z,0.034002579,0
2022-07-06T08:31:36Z,0.04780164,0
2022-07-06T08:31:46Z,0.133780751,0
2022-07-06T08:31:56Z,0.063853685,0
2022-07-06T08:32:06Z,0,0
2022-07-06T08:32:16Z,0.073869151,0
2022-07-06T08:32:26Z,0.043582908,0
2022-07-06T08:32:36Z,0,0
2022-07-06T08:32:46Z,0.06200697,0
2022-07-06T08:32:56Z,0.140069615,0
2022-07-06T08:33:06Z,0.111985656,0
2022-07-06T08:33:16Z,0,0
2022-07-06T08:33:26Z,0.058427456,0
2022-07-06T08:33:36Z,0.070887934,0
2022-07-06T08:33:46Z,0.031869234,0
2022-07-06T08:33:56Z,0,0
2022-07-06T08:34:06Z,0.05568038,0
2022-07-06T08:34:16Z,0.030919399,0
2022-07-06T08:34:26Z,0.040222151,0
2022-07-06T08:34:36Z,0.084627271,0
2022-07-06T08:34:46Z,0.157906374,0
2022-07-06T08:34:56Z,0.099165572,0
2022-07-06T08:35:06Z,0.051043017,0
2022-07-06T08:35:16Z,0.023695835,0
2022-07-06T08:35:26Z,0.133631809,0
2022-07-06T08:35:36Z,0.143759858,0
2022-07-06T08:35:46Z,0.138905239,0
2022-07-06T08:35:56Z,0.096357519,0
2022-07-06T08:36:06Z,0.098277544,0
2022-07-06T08:36:16Z,0.11251834,0
2022-07-06T08:36:26Z,0.074768663,0
2022-07-06T08:36:36Z,0.038008655,0
2022-07-06T08:36:46Z,0.016354175,0
2022-07-06T08:36:56Z,0.118983509,0
2022-07-06T08:37:06Z,0,0
2022-07-06T08:37:16Z,0,0
2022-07-06T08:37:26Z,0,0
2022-07-06T08:37:36Z,0,0
2022-07-06T08:37:46Z,0.020636446,0
2022-07-06T08:37:56Z,0.043044731,0
2022-07-06T08:38:06Z,0.125135782,0
2022-07-06T08:38:16Z,0.099581351,0
2022-07-06T08:38:26Z,0.085903048,0
2022-07-06T08:38:36Z,0.066698821,0
2022-07-06T08:38:46Z,0.034228321,0
2022-07-06T08:38:56Z,0.028479871,0
2022-07-06T08:39:06Z,0.164303777,0
2022-07-06T08:39:16Z,0.020290722,0
2022-07-06T08:39:26Z,0.172537619,0
2022-07-06T08:39:36Z,0.115026757,0
2022-07-06T08:39:46Z,0.141194458,0
2022-07-06T08:39:56Z,0.079900598,0
2022-07-06T08:40:06Z,0.114593617,0
2022-07-06T08:40:16Z,0.11299851,0
2022-07-06T08:40:26Z,0.078187239,0
2022-07-06T08:40:36Z,0.152226805,0
2022-07-06T08:40:46Z,0.058237037,0
2022-07-06T08:40:56Z,0.038270958,0
2022-07-06T08:41:06Z,0.045436612,0
2022-07-06T08:41:16Z,0.051111264,0
2022-07-06T08:41:26Z,0,0
2022-07-06T08:41:36Z,0,0
2022-07-06T08:41:46Z,0.057248497,0
2022-07-06T08:41:56Z,0,0
2022-07-06T08:42:06Z,0.084808608,0
2022-07-06T08:42:16Z,0.058237037,0
2022-07-06T08:42:26Z,0.126405989,0
2022-07-06T08:42:36Z,0.086026927,0
2022-07-06T08:42:46Z,0.137123319,0
2022-07-06T08:42:56Z,0.121840086,0
2022-07-06T08:43:06Z,0.050317613,0
2022-07-06T08:43:16Z,0.071673803,0
2022-07-06T08:43:26Z,0.051289859,0
2022-07-06T08:43:36Z,0.094021006,0
2022-07-06T08:43:46Z,0.020566298,0
2022-07-06T08:43:56Z,0.122752343,0
2022-07-06T08:44:06Z,0.105419075,0
2022-07-06T08:44:16Z,0.190503181,0
2022-07-06T08:44:26Z,0.104723329,0
2022-07-06T08:44:36Z,0.126449945,0
2022-07-06T08:44:46Z,0.088594544,0
2022-07-06T08:44:56Z,0,0
2022-07-06T08:45:06Z,0.095325811,0
2022-07-06T08:45:16Z,0.157667727,0
2022-07-06T08:45:26Z,0.064291787,0
2022-07-06T08:45:36Z,0.068395342,0
2022-07-06T08:45:46Z,0.025992958,0
2022-07-06T08:45:56Z,0,0
2022-07-06T08:46:06Z,0.021142167,0
2022-07-06T08:46:16Z,0.072067862,0
2022-07-06T08:46:26Z,0.127522869,0
2022-07-06T08:46:36Z,0.043846004,0
2022-07-06T08:46:46Z,0.102474501,0
2022-07-06T08:46:56Z,0.075841506,0
2022-07-06T08:47:06Z,0.020496658,0
2022-07-06T08:47:16Z,0.13399494,0
2022-07-06T08:47:26Z,0.091121163,0
2022-07-06T08:47:36Z,0.118097055,0
2022-07-06T08:47:46Z,0.033014048,0
2022-07-06T08:47:56Z,0.163675978,0
2022-07-06T08:48:06Z,0.124695374,0
2022-07-06T08:48:16Z,0.095002032,0
2022-07-06T08:48:26Z,0.10280643,0
2022-07-06T08:48:36Z,0.028861852,0
2022-07-06T08:48:46Z,0.058069843,0
2022-07-06T08:48:56Z,0.050886592,0
2022-07-06T08:49:06Z,0.050818298,0
2022-07-06T08:49:16Z,0,0
2022-07-06T08:49:26Z,0.083542888,0
2022-07-06T08:49:36Z,0,0
2022-07-06T08:49:46Z,0.081423909,0
2022-07-06T08:49:56Z,0.04791156,0
2022-07-06T08:50:06Z,0.122015346,0
2022-07-06T08:50:16Z,0.088739418,0
2022-07-06T08:50:26Z,0.082762145,0
2022-07-06T08:50:36Z,0.066779641,0
2022-07-06T08:50:46Z,0.113670824,0
2022-07-06T08:50:56Z,0.021597223,0
2022-07-06T08:51:06Z,0.168748936,0
2022-07-06T08:51:16Z,0.041971531,0
2022-07-06T08:51:26Z,0.042983942,0
2022-07-06T08:51:36Z,0.145007336,0
2022-07-06T08:51:46Z,0.04672709,0
2022-07-06T08:51:56Z,0.032553618,0
2022-07-06T08:52:06Z,0.040039251,0
2022-07-06T08:52:16Z,0.055153759,0
2022-07-06T08:52:26Z,0.05751181,0
2022-07-06T08:52:36Z,0.04120289,0
2022-07-06T08:52:46Z,0.078540244,0
2022-07-06T08:52:56Z,0.116289752,0
2022-07-06T08:53:06Z,0.087543036,0
2022-07-06T08:53:16Z,0,0
2022-07-06T08:53:26Z,0.031151045,0
2022-07-06T08:53:36Z,0,0
2022-07-06T08:53:46Z,0.02994995,0
2022-07-06T08:53:56Z,0.067297143,0
2022-07-06T08:54:06Z,0.084505276,0
2022-07-06T08:54:16Z,0.049852109,0
2022-07-06T08:54:26Z,0.094084439,0
2022-07-06T08:54:36Z,0.044896126,0
2022-07-06T08:54:46Z,0.073280042,0
2022-07-06T08:54:56Z,0.131044651,0
2022-07-06T08:55:06Z,0.103941167,0
2022-07-06T08:55:16Z,0.033616506,0
2022-07-06T08:55:26Z,0.02672151,0
2022-07-06T08:55:36Z,0.0820588,0
2022-07-06T08:55:46Z,0.057321828,0
2022-07-06T08:55:56Z,0.067005871,0
2022-07-06T08:56:06Z,0.134292433,0
2022-07-06T08:56:16Z,0.015094534,0
2022-07-06T08:56:26Z,0.063949371,0
2022-07-06T08:56:36Z,0.094378812,0
2022-07-06T08:56:46Z,0.021393407,0
2022-07-06T08:56:56Z,0,0
2022-07-06T08:57:06Z,0,0
2022-07-06T08:57:16Z,0,0
2022-07-06T08:57:26Z,0,0
2022-07-06T08:57:36Z,0,0
2022-07-06T08:57:46Z,0,0
2022-07-06T08:57:56Z,0.100294352,0
2022-07-06T08:58:06Z,0,0
2022-07-06T08:58:16Z,0.103653372,0
2022-07-06T08:58:26Z,0.12418227,0
2022-07-06T08:58:36Z,0,0
2022-07-06T08:58:46Z,0.051166117,0
2022-07-06T08:58:56Z,0.040222151,0
2022-07-06T08:59:06Z,0.170572066,0
2022-07-06T08:59:16Z,0.128615883,0
2022-07-06T08:59:26Z,0,0
2022-07-06T08:59:36Z,0,0
2022-07-06T08:59:46Z,0.145693649,0
2022-07-06T08:59:56Z,0.181988135,0
2022-07-06T09:00:06Z,0.038073868,0
2022-07-06T09:00:16Z,0.114912726,0
2022-07-06T09:00:26Z,0.064841538,0
2022-07-06T09:00:36Z,0.048708313,0
2022-07-06T09:00:46Z,0.116297801,0
2022-07-06T09:00:56Z,0.076599161,0
2022-07-06T09:01:06Z,0,0
2022-07-06T09:01:16Z,0.043763623,0
2022-07-06T09:01:26Z,0,0
2022-07-06T09:01:36Z,0.041436571,0
2022-07-06T09:01:46Z,0,0
2022-07-06T09:01:56Z,0.081914674,0
2022-07-06T09:02:06Z,0.110843899,0
2022-07-06T09:02:16Z,0.125102941,0
2022-07-06T09:02:26Z,0.102134705,0
2022-07-06T09:02:36Z,0.063327434,0
2022-07-06T09:02:46Z,0.033666593,0
2022-07-06T09:02:56Z,0.05745902,0
2022-07-06T09:03:06Z,0.023008392,0
2022-07-06T09:03:16Z,0.03762236,0
2022-07-06T09:03:26Z,0.026766196,0
2022-07-06T09:03:36Z,0.136910411,0
2022-07-06T09:03:46Z,0.024581173,0
2022-07-06T09:03:56Z,0.050723619,0
2022-07-06T09:04:06Z,0.038807415,0
2022-07-06T09:04:16Z,0.107315396,0
2022-07-06T09:04:26Z,0.136491316,0
2022-07-06T09:04:36Z,0.111909909,0
2022-07-06T09:04:46Z,0.178791231,0
2022-07-06T09:04:56Z,0.087280589,0
2022-07-06T09:05:06Z,0,0
2022-07-06T09:05:16Z,0.070998947,0
2022-07-06T09:05:26Z,0.098617039,0
2022-07-06T09:05:36Z,0,0
2022-07-06T09:05:46Z,0.105197211,0
2022-07-06T09:05:56Z,0.109285715,0
2022-07-06T09:06:06Z,0.149690996,0
2022-07-06T09:06:16Z,0.060122449,0
2022-07-06T09:06:26Z,0.06825414,0
2022-07-06T09:06:36Z,0.056987672,0
2022-07-06T09:06:46Z,0.094667935,0
2022-07-06T09:06:56Z,0.132873588,0
2022-07-06T09:07:06Z,0.032507012,0
2022-07-06T09:07:16Z,0.147797415,0
2022-07-06T09:07:26Z,0.108649001,0
2022-07-06T09:07:36Z,0.126029698,0
2022-07-06T09:07:46Z,0.072537183,0
2022-07-06T09:07:56Z,0.313812964,0
2022-07-06T09:08:06Z,0.231206401,0
2022-07-06T09:08:16Z,0.176874214,0
2022-07-06T09:08:26Z,0.022073722,0
2022-07-06T09:08:36Z,0.116000861,0
2022-07-06T09:08:46Z,0.104188075,0
2022-07-06T09:08:56Z,0.040222151,0
2022-07-06T09:09:06Z,0.068124626,0
2022-07-06T09:09:16Z,0.055328485,0
2022-07-06T09:09:26Z,0.027788383,0
2022-07-06T09:09:36Z,0,0
2022-07-06T09:09:46Z,0,0
2022-07-06T09:09:56Z,0.035137192,0
2022-07-06T09:10:06Z,0.035137192,0
2022-07-06T09:10:16Z,0.112587599,0
2022-07-06T09:10:26Z,0.161052657,0
2022-07-06T09:10:36Z,0.15210503,0
2022-07-06T09:10:46Z,0.076734794,0
2022-07-06T09:10:56Z,0.170137153,0
2022-07-06T09:11:06Z,0.160941219,0
2022-07-06T09:11:16Z,0.120086427,0
2022-07-06T09:11:26Z,0.045995325,0
2022-07-06T09:11:36Z,0.238024383,0
2022-07-06T09:11:46Z,0.180780761,0
2022-07-06T09:11:56Z,0.127418512,0
2022-07-06T09:12:06Z,0.080246616,0
2022-07-06T09:12:16Z,0.326562134,0
2022-07-06T09:12:26Z,0.286396957,0
2022-07-06T09:12:36Z,0.083900984,0
2022-07-06T09:12:46Z,0.128533387,0
2022-07-06T09:12:56Z,0.032414229,0
2022-07-06T09:13:06Z,0.082372815,0
2022-07-06T09:13:16Z,0,0
2022-07-06T09:13:26Z,0,0
2022-07-06T09:13:36Z,0,0
2022-07-06T09:13:46Z,0.458685816,1
2022-07-06T09:13:56Z,0.195909271,0
2022-07-06T09:14:06Z,0.787126586,1
2022-07-06T09:14:16Z,0.182679634,0
2022-07-06T09:14:26Z,0.26777756,0
2022-07-06T09:14:36Z,0.304046765,0
2022-07-06T09:14:46Z,0.282268061,0
2022-07-06T09:14:56Z,0.320930168,0
2022-07-06T09:15:06Z,0.247935838,0
2022-07-06T09:15:16Z,0.273769169,0
2022-07-06T09:15:26Z,0.320691519,0
2022-07-06T09:15:36Z,0.167288532,0
2022-07-06T09:15:46Z,0.172440478,0
2022-07-06T09:15:56Z,0.213562002,0
2022-07-06T09:16:06Z,0.088339936,0
2022-07-06T09:16:16Z,0.201415264,0
2022-07-06T09:16:26Z,0.122711712,0
2022-07-06T09:16:36Z,0.151113335,0
2022-07-06T09:16:46Z,0.368842098,0
2022-07-06T09:16:56Z,0.156720742,0
2022-07-06T09:17:06Z,0.099476237,0
2022-07-06T09:17:16Z,0.183946913,0
2022-07-06T09:17:26Z,0.076264605,0
2022-07-06T09:17:36Z,0.058100748,0
2022-07-06T09:17:46Z,0.180159677,0
2022-07-06T09:17:56Z,0.059431847,0
2022-07-06T09:18:06Z,0.148708295,0
2022-07-06T09:18:16Z,0.095656948,0
2022-07-06T09:18:26Z,0.1602263,0
2022-07-06T09:18:36Z,0.414025616,0
2022-07-06T09:18:46Z,0.324477263,0
2022-07-06T09:18:56Z,0.153944214,0
2022-07-06T09:19:06Z,0.060070368,0
2022-07-06T09:19:16Z,0.142369766,0
2022-07-06T09:19:26Z,0.127418512,0
2022-07-06T09:19:36Z,0.093634079,0
2022-07-06T09:19:46Z,0.137099479,0
2022-07-06T09:19:56Z,0.062981168,0
2022-07-06T09:20:06Z,0.131250178,0
2022-07-06T09:20:16Z,0.211611487,0
2022-07-06T09:20:26Z,0.067834283,0
2022-07-06T09:20:36Z,0.208775611,0
2022-07-06T09:20:46Z,0.103942942,0
2022-07-06T09:20:56Z,0,0
2022-07-06T09:21:06Z,0.076424293,0
2022-07-06T09:21:16Z,0.088094619,0
2022-07-06T09:21:26Z,0.034280386,0
2022-07-06T09:21:36Z,0.039360297,0
2022-07-06T09:21:46Z,0,0
2022-07-06T09:21:56Z,0.038944066,0
2022-07-06T09:22:06Z,0.181760117,0
2022-07-06T09:22:16Z,0.185210472,0
2022-07-06T09:22:26Z,0.13079771,0
2022-07-06T09:22:36Z,0.133100581,0
2022-07-06T09:22:46Z,0.054750658,0
2022-07-06T09:22:56Z,0.030588853,0
2022-07-06T09:23:06Z,0.129981241,0
2022-07-06T09:23:16Z,0.091000572,0
2022-07-06T09:23:26Z,0.19464543,0
2022-07-06T09:23:36Z,0.221786515,0
2022-07-06T09:23:46Z,0.229835784,0
2022-07-06T09:23:56Z,0.298229429,0
2022-07-06T09:24:06Z,0.129233775,0
2022-07-06T09:24:16Z,0.196094161,0
2022-07-06T09:24:26Z,0.040518534,0
2022-07-06T09:24:36Z,0.070998947,0
2022-07-06T09:24:46Z,0.075841506,0
2022-07-06T09:24:56Z,0.081801001,0
2022-07-06T09:25:06Z,0,0
2022-07-06T09:25:16Z,0,0
2022-07-06T09:25:26Z,0.09140162,0
2022-07-06T09:25:36Z,0,0
2022-07-06T09:25:46Z,0,0
2022-07-06T09:25:56Z,0,0
2022-07-06T09:26:06Z,0.053633168,0
2022-07-06T09:26:16Z,0.268181511,0
2022-07-06T09:26:26Z,0.218877727,0
2022-07-06T09:26:36Z,0.323712966,0
2022-07-06T09:26:46Z,0.12565805,0
2022-07-06T09:26:56Z,0.092277248,0
2022-07-06T09:27:06Z,0.077016876,0
2022-07-06T09:27:16Z,0.37144808,0
2022-07-06T09:27:26Z,0.193323722,0
2022-07-06T09:27:36Z,0.063458116,0
2022-07-06T09:27:46Z,0.226712156,0
2022-07-06T09:27:56Z,0.05307228,0
2022-07-06T09:28:06Z,0.133363452,0
2022-07-06T09:28:16Z,0.125285509,0
2022-07-06T09:28:26Z,0.096211953,0
2022-07-06T09:28:36Z,0.096524468,0
2022-07-06T09:28:46Z,0.089247701,0
2022-07-06T09:28:56Z,0.118896063,0
2022-07-06T09:29:06Z,0.031429842,0
2022-07-06T09:29:16Z,0,0
2022-07-06T09:29:26Z,0.036512412,0
2022-07-06T09:29:36Z,0,0
2022-07-06T09:29:46Z,0,0
2022-07-06T09:29:56Z,0,0
2022-07-06T09:30:06Z,0.101066964,0
2022-07-06T09:30:16Z,0.14854949,0
2022-07-06T09:30:26Z,0.08612162,0
2022-07-06T09:30:36Z,0.164942004,0
2022-07-06T09:30:46Z,0.286377131,0
2022-07-06T09:30:56Z,0.132065356,0
2022-07-06T09:31:06Z,0.273640256,0
2022-07-06T09:31:16Z,0.3838234,0
2022-07-06T09:31:26Z,0.084262429,0
2022-07-06T09:31:36Z,0.329041357,0
2022-07-06T09:31:46Z,0.226328688,0
2022-07-06T09:31:56Z,0.1791419,0
2022-07-06T09:32:06Z,0.300468154,0
2022-07-06T09:32:16Z,0.226509156,0
2022-07-06T09:32:26Z,0,0
2022-07-06T09:32:36Z,0.122309327,0
2022-07-06T09:32:46Z,0.169607419,0
2022-07-06T09:32:56Z,0,0
2022-07-06T09:33:06Z,0.028193633,0
2022-07-06T09:33:16Z,0,0
2022-07-06T09:33:26Z,0,0
2022-07-06T09:33:36Z,0.097305232,0
2022-07-06T09:33:46Z,0.119059089,0
2022-07-06T09:33:56Z,0.116603741,0
2022-07-06T09:34:06Z,0.060474298,0
2022-07-06T09:34:16Z,0.22568442,0
2022-07-06T09:34:26Z,0.140777365,0
2022-07-06T09:34:36Z,0.192457489,0
2022-07-06T09:34:46Z,0.189225973,0
2022-07-06T09:34:56Z,0.041593949,0
2022-07-06T09:35:06Z,0.250209517,0
2022-07-06T09:35:16Z,0.186639729,0
2022-07-06T09:35:26Z,0.073518541,0
2022-07-06T09:35:36Z,0.081949111,0
2022-07-06T09:35:46Z,0.201485114,0
2022-07-06T09:35:56Z,0.115151019,0
2022-07-06T09:36:06Z,0.077972764,0
2022-07-06T09:36:16Z,0.072448629,0
2022-07-06T09:36:26Z,0.0731093,0
2022-07-06T09:36:36Z,0.066868366,0
2022-07-06T09:36:46Z,0.057885125,0
2022-07-06T09:36:56Z,0.097274142,0
2022-07-06T09:37:06Z,0.033270318,0
2022-07-06T09:37:16Z,0,0
2022-07-06T09:37:26Z,0.038270958,0
2022-07-06T09:37:36Z,0.087280589,0
2022-07-06T09:37:46Z,0.105367748,0
2022-07-06T09:37:56Z,0.123399132,0
2022-07-06T09:38:06Z,0.042565916,0
2022-07-06T09:38:16Z,0.231474224,0
2022-07-06T09:38:26Z,0.089834052,0
2022-07-06T09:38:36Z,0.074647565,0
2022-07-06T09:38:46Z,0.099244105,0
2022-07-06T09:38:56Z,0.11535172,0
2022-07-06T09:39:06Z,0.217748817,0
2022-07-06T09:39:16Z,0.130506642,0
2022-07-06T09:39:26Z,0.10054853,0
2022-07-06T09:39:36Z,0.024683937,0
2022-07-06T09:39:46Z,0.100180074,0
2022-07-06T09:39:56Z,0.125226198,0
2022-07-06T09:40:06Z,0.117818872,0
2022-07-06T09:40:16Z,0.134172564,0
2022-07-06T09:40:26Z,0.074746866,0
2022-07-06T09:40:36Z,0.135709631,0
2022-07-06T09:40:46Z,0.076431907,0
2022-07-06T09:40:56Z,0,0
2022-07-06T09:41:06Z,0.193642805,0
2022-07-06T09:41:16Z,0.052826774,0
2022-07-06T09:41:26Z,0,0
2022-07-06T09:41:36Z,0.054466597,0
2022-07-06T09:41:46Z,0.05745902,0
2022-07-06T09:41:56Z,0.28750562,0
2022-07-06T09:42:06Z,0.075538555,0
2022-07-06T09:42:16Z,0.081126086,0
2022-07-06T09:42:26Z,0.215638033,0
2022-07-06T09:42:36Z,0.095725002,0
2022-07-06T09:42:46Z,0.175160569,0
2022-07-06T09:42:56Z,0.32902836,0
2022-07-06T09:43:06Z,0.102160652,0
2022-07-06T09:43:16Z,0.197419313,0
2022-07-06T09:43:26Z,0.101491079,0
2022-07-06T09:43:36Z,0.174792559,0
2022-07-06T09:43:46Z,0.03438503,0
2022-07-06T09:43:56Z,0.219887712,0
2022-07-06T09:44:06Z,0.101491079,0
2022-07-06T09:44:16Z,0.102699812,0
2022-07-06T09:44:26Z,0.112587599,0
2022-07-06T09:44:36Z,0.130223518,0
2022-07-06T09:44:46Z,0.139232999,0
2022-07-06T09:44:56Z,0.052046085,0
2022-07-06T09:45:06Z,0.04984622,0
2022-07-06T09:45:16Z,0.245849157,0
2022-07-06T09:45:26Z,0,0
2022-07-06T09:45:36Z,0,0
2022-07-06T09:45:46Z,0.212055605,0
2022-07-06T09:45:56Z,0.043913857,0
2022-07-06T09:46:06Z,0.053092652,0
2022-07-06T09:46:16Z,0.204968687,0
2022-07-06T09:46:26Z,0.035810634,0
2022-07-06T09:46:36Z,0.032979611,0
2022-07-06T09:46:46Z,0.080793136,0
2022-07-06T09:46:56Z,0.189990756,0
2022-07-06T09:47:06Z,0.17538077,0
2022-07-06T09:47:16Z,0.159674825,0
2022-07-06T09:47:26Z,0.137626131,0
2022-07-06T09:47:36Z,0.19744147,0
2022-07-06T09:47:46Z,0.161966177,0
2022-07-06T09:47:56Z,0.111648352,0