2022-07-06T07:41:01Z,0
2022-07-06T07:41:02Z,0.091757965
2022-07-06T07:41:03Z,0.172296752
2022-07-06T07:41:04Z,0.226219354
2022-07-06T07:41:05Z,0.176357985
2022-07-06T07:41:06Z,0.090491245
2022-07-06T07:41:07Z,0.084609941
2022-07-06T07:41:08Z,0.068426992
2022-07-06T07:41:09Z,0.133302697
2022-07-06T07:41:10Z,0.085026586
2022-07-06T07:41:11Z,0.097073068
2022-07-06T07:41:12Z,0
2022-07-06T07:41:13Z,0.031063768
2022-07-06T07:41:14Z,0.017732751
2022-07-06T07:41:15Z,0.063354504
2022-07-06T07:41:16Z,0.087870392
2022-07-06T07:41:17Z,0.115468157
2022-07-06T07:41:18Z,0.073413458
2022-07-06T07:41:19Z,0.040392585
2022-07-06T07:41:20Z,0.089113356
2022-07-06T07:41:21Z,0.098030054
2022-07-06T07:41:22Z,0.047140641
2022-07-06T07:41:23Z,0.104812791
2022-07-06T07:41:24Z,0.204788868
2022-07-06T07:41:25Z,0.044851006
2022-07-06T07:41:26Z,0.105362214
2022-07-06T07:41:27Z,0.084368877
2022-07-06T07:41:28Z,0.097980674
2022-07-06T07:41:29Z,0.101657262
2022-07-06T07:41:30Z,0.056764513
2022-07-06T07:41:31Z,0.074428709
2022-07-06T07:41:32Z,0.091244453
2022-07-06T07:41:33Z,0.094529333
2022-07-06T07:41:34Z,0.016638011
2022-07-06T07:41:35Z,0.038096862
2022-07-06T07:41:36Z,0.064497814
2022-07-06T07:41:37Z,0.030426402
2022-07-06T07:41:38Z,0.09542321
2022-07-06T07:41:39Z,0.069688744
2022-07-06T07:41:40Z,0.034686224
2022-07-06T07:41:41Z,0.089564461
2022-07-06T07:41:42Z,0.073376162
2022-07-06T07:41:43Z,0.061939296
2022-07-06T07:41:44Z,0.114190892
2022-07-06T07:41:45Z,0.104759259
2022-07-06T07:41:46Z,0.07965796
2022-07-06T07:41:47Z,0.144755463
2022-07-06T07:41:48Z,0.142171134
2022-07-06T07:41:49Z,0.07696964
2022-07-06T07:41:50Z,0.063932734
2022-07-06T07:41:51Z,0.14973281
2022-07-06T07:41:52Z,0.041478839
2022-07-06T07:41:53Z,0.089317973
2022-07-06T07:41:54Z,0.088820248
2022-07-06T07:41:55Z,0.054872994
2022-07-06T07:41:56Z,0.079135533
2022-07-06T07:41:57Z,0.163179967
2022-07-06T07:41:58Z,0.086719267
2022-07-06T07:41:59Z,0.073399951
2022-07-06T07:42:00Z,0
2022-07-06T07:42:01Z,0.032756244
2022-07-06T07:42:02Z,0.054893891
2022-07-06T07:42:03Z,0.068514114
2022-07-06T07:42:04Z,0.052794142
2022-07-06T07:42:05Z,0.023853017
2022-07-06T07:42:06Z,0.074261254
2022-07-06T07:42:07Z,0.024228588
2022-07-06T07:42:08Z,0.09233413
2022-07-06T07:42:09Z,0.159306553
2022-07-06T07:42:10Z,0.127558382
2022-07-06T07:42:11Z,0.101525417
2022-07-06T07:42:12Z,0.040148454
2022-07-06T07:42:13Z,0.087208372
2022-07-06T07:42:14Z,0.074209919
2022-07-06T07:42:15Z,0.059044537
2022-07-06T07:42:16Z,0.062481698
2022-07-06T07:42:17Z,0.088765277
2022-07-06T07:42:18Z,0.051354432
2022-07-06T07:42:19Z,0.074790104
2022-07-06T07:42:20Z,0.091817342
2022-07-06T07:42:21Z,0.147627943
2022-07-06T07:42:22Z,0.071010044
2022-07-06T07:42:23Z,0.076897563
2022-07-06T07:42:24Z,0.084125758
2022-07-06T07:42:25Z,0.063289214
2022-07-06T07:42:26Z,0.057393902
2022-07-06T07:42:27Z,0.041819399
2022-07-06T07:42:28Z,0.073729686
2022-07-06T07:42:29Z,0.153652856
2022-07-06T07:42:30Z,0.06035586
2022-07-06T07:42:31Z,0.106445863
2022-07-06T07:42:32Z,0.059314286
2022-07-06T07:42:33Z,0.096293806
2022-07-06T07:42:34Z,0.085101425
2022-07-06T07:42:35Z,0.111490723
2022-07-06T07:42:36Z,0.076266981
2022-07-06T07:42:37Z,0.09795212
2022-07-06T07:42:38Z,0.172500219
2022-07-06T07:42:39Z,0.113891823
2022-07-06T07:42:40Z,0.089999618
2022-07-06T07:42:41Z,0.048649372
2022-07-06T07:42:42Z,0.138617647
2022-07-06T07:42:43Z,0.108879559
2022-07-06T07:42:44Z,0.054235163
2022-07-06T07:42:45Z,0.039004051
2022-07-06T07:42:46Z,0.074471308
2022-07-06T07:42:47Z,0.040258944
2022-07-06T07:42:48Z,0
2022-07-06T07:42:49Z,0.027955713
2022-07-06T07:42:50Z,0.047309968
2022-07-06T07:42:51Z,0.016602764
2022-07-06T07:42:52Z,0.042432578
2022-07-06T07:42:53Z,0.051191744
2022-07-06T07:42:54Z,0
2022-07-06T07:42:55Z,0.056724832
2022-07-06T07:42:56Z,0.055771059
2022-07-06T07:42:57Z,0.081014772
2022-07-06T07:42:58Z,0.082536297
2022-07-06T07:42:59Z,0.114992037
2022-07-06T07:43:00Z,0.076685138
2022-07-06T07:43:01Z,0.070057457
2022-07-06T07:43:02Z,0.070314774
2022-07-06T07:43:03Z,0.091946449
2022-07-06T07:43:04Z,0.145605885
2022-07-06T07:43:05Z,0.094774329
2022-07-06T07:43:06Z,0.102179893
2022-07-06T07:43:07Z,0.048542431
2022-07-06T07:43:08Z,0.06876055
2022-07-06T07:43:09Z,0.075440684
2022-07-06T07:43:10Z,0.117713394
2022-07-06T07:43:11Z,0.069437398
2022-07-06T07:43:12Z,0
2022-07-06T07:43:13Z,0
2022-07-06T07:43:14Z,0
2022-07-06T07:43:15Z,0.027395404
2022-07-06T07:43:16Z,0.055202605
2022-07-06T07:43:17Z,0.078387348
2022-07-06T07:43:18Z,0.118515716
2022-07-06T07:43:19Z,0.068395342
2022-07-06T07:43:20Z,0.047205972
2022-07-06T07:43:21Z,0.079106485
2022-07-06T07:43:22Z,0.067550602
2022-07-06T07:43:23Z,0.08066657
2022-07-06T07:43:24Z,0.044973876
2022-07-06T07:43:25Z,0.06573458
2022-07-06T07:43:26Z,0.068759647
2022-07-06T07:43:27Z,0.027278224
2022-07-06T07:43:28Z,0.067695565
2022-07-06T07:43:29Z,0.072446699
2022-07-06T07:43:30Z,0.028882931
2022-07-06T07:43:31Z,0.021568137
2022-07-06T07:43:32Z,0.064254625
2022-07-06T07:43:33Z,0.073869151
2022-07-06T07:43:34Z,0.026644044
2022-07-06T07:43:35Z,0.051289859
2022-07-06T07:43:36Z,0.099217338
2022-07-06T07:43:37Z,0.016615805
2022-07-06T07:43:38Z,0.078387348
2022-07-06T07:43:39Z,0
2022-07-06T07:43:40Z,0.049384244
2022-07-06T07:43:41Z,0.043044731
2022-07-06T07:43:42Z,0.042155049
2022-07-06T07:43:43Z,0.042236538
2022-07-06T07:43:44Z,0.10015643
2022-07-06T07:43:45Z,0.173781323
2022-07-06T07:43:46Z,0.120055195
2022-07-06T07:43:47Z,0.144911378
2022-07-06T07:43:48Z,0.073369411
2022-07-06T07:43:49Z,0.123956261
2022-07-06T07:43:50Z,0.150774304
2022-07-06T07:43:51Z,0.18960071
2022-07-06T07:43:52Z,0.060513489
2022-07-06T07:43:53Z,0.072057994
2022-07-06T07:43:54Z,0.082361078
2022-07-06T07:43:55Z,0.123437752
2022-07-06T07:43:56Z,0.107181778
2022-07-06T07:43:57Z,0.103593946
2022-07-06T07:43:58Z,0.021162435
2022-07-06T07:43:59Z,0.074524398
2022-07-06T07:44:00Z,0.126870675
2022-07-06T07:44:01Z,0.041752618
2022-07-06T07:44:02Z,0
2022-07-06T07:44:03Z,0.040819652
2022-07-06T07:44:04Z,0.082668982
2022-07-06T07:44:05Z,0.061813625
2022-07-06T07:44:06Z,0
2022-07-06T07:44:07Z,0.076137992
2022-07-06T07:44:08Z,0.121076395
2022-07-06T07:44:09Z,0
2022-07-06T07:44:10Z,0.198403397
2022-07-06T07:44:11Z,0.20112394
2022-07-06T07:44:12Z,0.096833472
2022-07-06T07:44:13Z,0.103384509
2022-07-06T07:44:14Z,0.101425138
2022-07-06T07:44:15Z,0.097792745
2022-07-06T07:44:16Z,0.147441523
2022-07-06T07:44:17Z,0.083396349
2022-07-06T07:44:18Z,0.095637498
2022-07-06T07:44:19Z,0.14768844
2022-07-06T07:44:20Z,0.113187233
2022-07-06T07:44:21Z,0.073729686
2022-07-06T07:44:22Z,0.064614078
2022-07-06T07:44:23Z,0.05601996
2022-07-06T07:44:24Z,0.074812142
2022-07-06T07:44:25Z,0.024893884
2022-07-06T07:44:26Z,0.023695835
2022-07-06T07:44:27Z,0.058680009
2022-07-06T07:44:28Z,0.100087793
2022-07-06T07:44:29Z,0.066566773
2022-07-06T07:44:30Z,0.070501148
2022-07-06T07:44:31Z,0.09877902
2022-07-06T07:44:32Z,0.118036537
2022-07-06T07:44:33Z,0.100767466
2022-07-06T07:44:34Z,0.053210709
2022-07-06T07:44:35Z,0.09934658
2022-07-06T07:44:36Z,0.047275248
2022-07-06T07:44:37Z,0.09126221
2022-07-06T07:44:38Z,0.038593219
2022-07-06T07:44:39Z,0.070273908
2022-07-06T07:44:40Z,0.029431888
2022-07-06T07:44:41Z,0.09685477
2022-07-06T07:44:42Z,0.116564534
2022-07-06T07:44:43Z,0.121090551
2022-07-06T07:44:44Z,0.203815546
2022-07-06T07:44:45Z,0.046311768
2022-07-06T07:44:46Z,0.182613064
2022-07-06T07:44:47Z,0.021992751
2022-07-06T07:44:48Z,0.088072259
2022-07-06T07:44:49Z,0.0378965
2022-07-06T07:44:50Z,0.098828433
2022-07-06T07:44:51Z,0.076277688
2022-07-06T07:44:52Z,0.022875979
2022-07-06T07:44:53Z,0.100221622
2022-07-06T07:44:54Z,0.081172004
2022-07-06T07:44:55Z,0.097506678
2022-07-06T07:44:56Z,0.056807229
2022-07-06T07:44:57Z,0.122408557
2022-07-06T07:44:58Z,0.171548514
2022-07-06T07:44:59Z,0.075015593
2022-07-06T07:45:00Z,0.113884101
2022-07-06T07:45:01Z,0.10519028
2022-07-06T07:45:02Z,0.1150533
2022-07-06T07:45:03Z,0.10890531
2022-07-06T07:45:04Z,0.099350621
2022-07-06T07:45:05Z,0.12889794
2022-07-06T07:45:06Z,0.120693782
2022-07-06T07:45:07Z,0.130530349
2022-07-06T07:45:08Z,0.078977758
2022-07-06T07:45:09Z,0.080884163
2022-07-06T07:45:10Z,0.04008956
2022-07-06T07:45:11Z,0.050637254
2022-07-06T07:45:12Z,0.039066292
2022-07-06T07:45:13Z,0.028611753
2022-07-06T07:45:14Z,0.040593365
2022-07-06T07:45:15Z,0.038807415
2022-07-06T07:45:16Z,0.078327963
2022-07-06T07:45:17Z,0.066320996
2022-07-06T07:45:18Z,0.083175583
2022-07-06T07:45:19Z,0.068024646
2022-07-06T07:45:20Z,0.051675071
2022-07-06T07:45:21Z,0.044129112
2022-07-06T07:45:22Z,0.037685894
2022-07-06T07:45:23Z,0.093414561
2022-07-06T07:45:24Z,0.06987083
2022-07-06T07:45:25Z,0.021992751
2022-07-06T07:45:26Z,0.113055662
2022-07-06T07:45:27Z,0.030884138
2022-07-06T07:45:28Z,0.103813774
2022-07-06T07:45:29Z,0.048953769
2022-07-06T07:45:30Z,0.042258794
2022-07-06T07:45:31Z,0.048388686
2022-07-06T07:45:32Z,0.034197831
2022-07-06T07:45:33Z,0.088359531
2022-07-06T07:45:34Z,0.086890518
2022-07-06T07:45:35Z,0.031087562
2022-07-06T07:45:36Z,0.071287463
2022-07-06T07:45:37Z,0.14372617
2022-07-06T07:45:38Z,0.126475175
2022-07-06T07:45:39Z,0.042854531
2022-07-06T07:45:40Z,0.03993039
2022-07-06T07:45:41Z,0.076184645
2022-07-06T07:45:42Z,0.03783002
2022-07-06T07:45:43Z,0.030884138
2022-07-06T07:45:44Z,0.04831655
2022-07-06T07:45:45Z,0.109865856
2022-07-06T07:45:46Z,0.025485003
2022-07-06T07:45:47Z,0.124517576
2022-07-06T07:45:48Z,0.128756909
2022-07-06T07:45:49Z,0.157206391
2022-07-06T07:45:50Z,0.079092017
2022-07-06T07:45:51Z,0.147114999
2022-07-06T07:45:52Z,0.053141097
2022-07-06T07:45:53Z,0.101362463
2022-07-06T07:45:54Z,0.053119316
2022-07-06T07:45:55Z,0.113133516
2022-07-06T07:45:56Z,0.076760188
2022-07-06T07:45:57Z,0.088905221
2022-07-06T07:45:58Z,0.100955513
2022-07-06T07:45:59Z,0.156854275
2022-07-06T07:46:00Z,0.11090639
2022-07-06T07:46:01Z,0.05479809
2022-07-06T07:46:02Z,0.084613166
2022-07-06T07:46:03Z,0.157904255
2022-07-06T07:46:04Z,0.021675109
2022-07-06T07:46:05Z,0.141120496
2022-07-06T07:46:06Z,0.059612112
2022-07-06T07:46:07Z,0.067835891
2022-07-06T07:46:08Z,0.04741446
2022-07-06T07:46:09Z,0.05034867
2022-07-06T07:46:10Z,0.072967158
2022-07-06T07:46:11Z,0.107135272
2022-07-06T07:46:12Z,0.073622497
2022-07-06T07:46:13Z,0.115564764
2022-07-06T07:46:14Z,0.03416049
2022-07-06T07:46:15Z,0.019571935
2022-07-06T07:46:16Z,0.157209962
2022-07-06T07:46:17Z,0.115150415
2022-07-06T07:46:18Z,0.086415716
2022-07-06T07:46:19Z,0.092606307
2022-07-06T07:46:20Z,0.046458579
2022-07-06T07:46:21Z,0.109778316
2022-07-06T07:46:22Z,0.110900092
2022-07-06T07:46:23Z,0.076652795
2022-07-06T07:46:24Z,0.10872024
2022-07-06T07:46:25Z,0.114716289
2022-07-06T07:46:26Z,0.110700247
2022-07-06T07:46:27Z,0.026827723
2022-07-06T07:46:28Z,0.029426631
2022-07-06T07:46:29Z,0.028611753
2022-07-06T07:46:30Z,0.053106181
2022-07-06T07:46:31Z,0.055538161
2022-07-06T07:46:32Z,0.110096904
2022-07-06T07:46:33Z,0.109799781
2022-07-06T07:46:34Z,0.036174223
2022-07-06T07:46:35Z,0.048361321
2022-07-06T07:46:36Z,0.10958126
2022-07-06T07:46:37Z,0.047305344
2022-07-06T07:46:38Z,0.045316869
2022-07-06T07:46:39Z,0.132550545
2022-07-06T07:46:40Z,0.079695587
2022-07-06T07:46:41Z,0.102773552
2022-07-06T07:46:42Z,0.150611248
2022-07-06T07:46:43Z,0.145091697
2022-07-06T07:46:44Z,0.05444525
2022-07-06T07:46:45Z,0.0820588
2022-07-06T07:46:46Z,0.042151312
2022-07-06T07:46:47Z,0.057404703
2022-07-06T07:46:48Z,0.040891918
2022-07-06T07:46:49Z,0.045224637
2022-07-06T07:46:50Z,0
2022-07-06T07:46:51Z,0
2022-07-06T07:46:52Z,0.103354567
2022-07-06T07:46:53Z,0.033846222
2022-07-06T07:46:54Z,0.026167129
2022-07-06T07:46:55Z,0.085717678
2022-07-06T07:46:56Z,0.124599536
2022-07-06T07:46:57Z,0.054750658
2022-07-06T07:46:58Z,0.207991068
2022-07-06T07:46:59Z,0.103142311
2022-07-06T07:47:00Z,0.122126533
2022-07-06T07:47:01Z,0.191590583
2022-07-06T07:47:02Z,0.107821809
2022-07-06T07:47:03Z,0.064088695
2022-07-06T07:47:04Z,0.095540169
2022-07-06T07:47:05Z,0.039360297
2022-07-06T07:47:06Z,0.086611479
2022-07-06T07:47:07Z,0.058455074
2022-07-06T07:47:08Z,0.0514908
2022-07-06T07:47:09Z,0.075496433
2022-07-06T07:47:10Z,0.103586252
2022-07-06T07:47:11Z,0.062806431
2022-07-06T07:47:12Z,0.08970339
2022-07-06T07:47:13Z,0.094517316
2022-07-06T07:47:14Z,0.032322012
2022-07-06T07:47:15Z,0.04791156
2022-07-06T07:47:16Z,0.062001214
2022-07-06T07:47:17Z,0.027102719
2022-07-06T07:47:18Z,0.034703115
2022-07-06T07:47:19Z,0.066236018
2022-07-06T07:47:20Z,0.032230355
2022-07-06T07:47:21Z,0.115596642
2022-07-06T07:47:22Z,0.021952502
2022-07-06T07:47:23Z,0.133477112
2022-07-06T07:47:24Z,0.105794083
2022-07-06T07:47:25Z,0.106790354
2022-07-06T07:47:26Z,0.068633628
2022-07-06T07:47:27Z,0.04699518
2022-07-06T07:47:28Z,0.141596401
2022-07-06T07:47:29Z,0.078500039
2022-07-06T07:47:30Z,0.049232295
2022-07-06T07:47:31Z,0.078777592
2022-07-06T07:47:32Z,0.089934335
2022-07-06T07:47:33Z,0.081869164
2022-07-06T07:47:34Z,0.145560649
2022-07-06T07:47:35Z,0
2022-07-06T07:47:36Z,0
2022-07-06T07:47:37Z,0.030693547
2022-07-06T07:47:38Z,0
2022-07-06T07:47:39Z,0.046999448
2022-07-06T07:47:40Z,0.02881558
2022-07-06T07:47:41Z,0
2022-07-06T07:47:42Z,0.039360297
2022-07-06T07:47:43Z,0.039570832
2022-07-06T07:47:44Z,0.090659246
2022-07-06T07:47:45Z,0.105405791
2022-07-06T07:47:46Z,0.06260161
2022-07-06T07:47:47Z,0.051455856
2022-07-06T07:47:48Z,0.054631759
2022-07-06T07:47:49Z,0.090178229
2022-07-06T07:47:50Z,0.045287525
2022-07-06T07:47:51Z,0.033344698
2022-07-06T07:47:52Z,0.080098395
2022-07-06T07:47:53Z,0.025162301
2022-07-06T07:47:54Z,0.078260793
2022-07-06T07:47:55Z,0.072238639
2022-07-06T07:47:56Z,0.042917874
2022-07-06T07:47:57Z,0.047205972
2022-07-06T07:47:58Z,0.048273008
2022-07-06T07:47:59Z,0.036987976
2022-07-06T07:48:00Z,0.062914637
2022-07-06T07:48:01Z,0.033319304
2022-07-06T07:48:02Z,0.029115276
2022-07-06T07:48:03Z,0.068216381
2022-07-06T07:48:04Z,0.015408589
2022-07-06T07:48:05Z,0.019160184
2022-07-06T07:48:06Z,0.063742397
2022-07-06T07:48:07Z,0.099738891
2022-07-06T07:48:08Z,0.109506216
2022-07-06T07:48:09Z,0.061389206
2022-07-06T07:48:10Z,0.051307638
2022-07-06T07:48:11Z,0.082471572
2022-07-06T07:48:12Z,0.060122449
2022-07-06T07:48:13Z,0.07469843
2022-07-06T07:48:14Z,0.056170625
2022-07-06T07:48:15Z,0.052668953
2022-07-06T07:48:16Z,0.068871884
2022-07-06T07:48:17Z,0.040236057
2022-07-06T07:48:18Z,0.053200012
2022-07-06T07:48:19Z,0.056725172
2022-07-06T07:48:20Z,0.035229341
2022-07-06T07:48:21Z,0
2022-07-06T07:48:22Z,0.020190723
2022-07-06T07:48:23Z,0.093342961
2022-07-06T07:48:24Z,0
2022-07-06T07:48:25Z,0.015717168
2022-07-06T07:48:26Z,0.01719061
2022-07-06T07:48:27Z,0
2022-07-06T07:48:28Z,0.043273462
2022-07-06T07:48:29Z,0.029854521
2022-07-06T07:48:30Z,0.01738362
2022-07-06T07:48:31Z,0.046391384
2022-07-06T07:48:32Z,0.042155878
2022-07-06T07:48:33Z,0.052684222
2022-07-06T07:48:34Z,0.063573954
2022-07-06T07:48:35Z,0.077413583
2022-07-06T07:48:36Z,0.069605079
2022-07-06T07:48:37Z,0.075937968
2022-07-06T07:48:38Z,0.047354002
2022-07-06T07:48:39Z,0.04400004
2022-07-06T07:48:40Z,0.095130972
2022-07-06T07:48:41Z,0.069274988
2022-07-06T07:48:42Z,0.061118974
2022-07-06T07:48:43Z,0.056393741
2022-07-06T07:48:44Z,0.061250866
2022-07-06T07:48:45Z,0.047746884
2022-07-06T07:48:46Z,0.047136441
2022-07-06T07:48:47Z,0
2022-07-06T07:48:48Z,0
2022-07-06T07:48:49Z,0.04982852
2022-07-06T07:48:50Z,0
2022-07-06T07:48:51Z,0
2022-07-06T07:48:52Z,0.043576825
2022-07-06T07:48:53Z,0.035173892
2022-07-06T07:48:54Z,0.044135104
2022-07-06T07:48:55Z,0.016955671
2022-07-06T07:48:56Z,0.133039649
2022-07-06T07:48:57Z,0.016462114
2022-07-06T07:48:58Z,0.055696363
2022-07-06T07:48:59Z,0.036411774
2022-07-06T07:49:00Z,0.047966724
2022-07-06T07:49:01Z,0.056099618
2022-07-06T07:49:02Z,0.09699048
2022-07-06T07:49:03Z,0.111470382
2022-07-06T07:49:04Z,0.044797927
2022-07-06T07:49:05Z,0.024403519
2022-07-06T07:49:06Z,0.085327768
2022-07-06T07:49:07Z,0.043615169
2022-07-06T07:49:08Z,0.056692006
2022-07-06T07:49:09Z,0.033708553
2022-07-06T07:49:10Z,0.040148454
2022-07-06T07:49:11Z,0.099551527
2022-07-06T07:49:12Z,0
2022-07-06T07:49:13Z,0.036157868
2022-07-06T07:49:14Z,0.052738785
2022-07-06T07:49:15Z,0.021636091
2022-07-06T07:49:16Z,0.037120221
2022-07-06T07:49:17Z,0.034467327
2022-07-06T07:49:18Z,0
2022-07-06T07:49:19Z,0.09680702
2022-07-06T07:49:20Z,0.059601475
2022-07-06T07:49:21Z,0.068431521
2022-07-06T07:49:22Z,0.096110855
2022-07-06T07:49:23Z,0.06417798
2022-07-06T07:49:24Z,0.11565747
2022-07-06T07:49:25Z,0.073501732
2022-07-06T07:49:26Z,0.072746101
2022-07-06T07:49:27Z,0.07557888
2022-07-06T07:49:28Z,0.036816888
2022-07-06T07:49:29Z,0.093969235
2022-07-06T07:49:30Z,0.034848294
2022-07-06T07:49:31Z,0.084191269
2022-07-06T07:49:32Z,0.131090365
2022-07-06T07:49:33Z,0.061132356
2022-07-06T07:49:34Z,0.0194781
2022-07-06T07:49:35Z,0
2022-07-06T07:49:36Z,0
2022-07-06T07:49:37Z,0.017965204
2022-07-06T07:49:38Z,0.019202263
2022-07-06T07:49:39Z,0
2022-07-06T07:49:40Z,0.052306327
2022-07-06T07:49:41Z,0.085365755
2022-07-06T07:49:42Z,0.05246136
2022-07-06T07:49:43Z,0.035302993
2022-07-06T07:49:44Z,0.028682735
2022-07-06T07:49:45Z,0.024204462
2022-07-06T07:49:46Z,0.0343601
2022-07-06T07:49:47Z,0.018977303
2022-07-06T07:49:48Z,0.034308847
2022-07-06T07:49:49Z,0.074600883
2022-07-06T07:49:50Z,0.055037935
2022-07-06T07:49:51Z,0.039311674
2022-07-06T07:49:52Z,0.046619928
2022-07-06T07:49:53Z,0.048227542
2022-07-06T07:49:54Z,0.020367864
2022-07-06T07:49:55Z,0.063069968
2022-07-06T07:49:56Z,0.054470866
2022-07-06T07:49:57Z,0
2022-07-06T07:49:58Z,0.059261864
2022-07-06T07:49:59Z,0.064174002
2022-07-06T07:50:00Z,0
2022-07-06T07:50:01Z,0.021912411
2022-07-06T07:50:02Z,0.057958262
2022-07-06T07:50:03Z,0.035358634
2022-07-06T07:50:04Z,0.029191244
2022-07-06T07:50:05Z,0.054981314
2022-07-06T07:50:06Z,0.064053477
2022-07-06T07:50:07Z,0
2022-07-06T07:50:08Z,0.055445634
2022-07-06T07:50:09Z,0.040996999
2022-07-06T07:50:10Z,0.02767019
2022-07-06T07:50:11Z,0.054579839
2022-07-06T07:50:12Z,0.04483364
2022-07-06T07:50:13Z,0.032822972
2022-07-06T07:50:14Z,0.017696015
2022-07-06T07:50:15Z,0.0941871
2022-07-06T07:50:16Z,0.061817529
2022-07-06T07:50:17Z,0.054000161
2022-07-06T07:50:18Z,0.061656002
2022-07-06T07:50:19Z,0.055915839
2022-07-06T07:50:20Z,0.062788331
2022-07-06T07:50:21Z,0.044888048
2022-07-06T07:50:22Z,0.095259485
2022-07-06T07:50:23Z,0.021952502
2022-07-06T07:50:24Z,0
2022-07-06T07:50:25Z,0
2022-07-06T07:50:26Z,0
2022-07-06T07:50:27Z,0.06155708
2022-07-06T07:50:28Z,0.14186075
2022-07-06T07:50:29Z,0
2022-07-06T07:50:30Z,0.077457674
2022-07-06T07:50:31Z,0.164229773
2022-07-06T07:50:32Z,0.049366067
2022-07-06T07:50:33Z,0.100643816
2022-07-06T07:50:34Z,0.119091593
2022-07-06T07:50:35Z,0.090038167
2022-07-06T07:50:36Z,0.055882659
2022-07-06T07:50:37Z,0.183689391
2022-07-06T07:50:38Z,0.085742683
2022-07-06T07:50:39Z,0.125597007
2022-07-06T07:50:40Z,0.086129851
2022-07-06T07:50:41Z,0.041752618
2022-07-06T07:50:42Z,0.094396474
2022-07-06T07:50:43Z,0.04532396
2022-07-06T07:50:44Z,0.138084113
2022-07-06T07:50:45Z,0.080293499
2022-07-06T07:50:46Z,0.065073075
2022-07-06T07:50:47Z,0.084518022
2022-07-06T07:50:48Z,0.030507396
2022-07-06T07:50:49Z,0.058925029
2022-07-06T07:50:50Z,0
2022-07-06T07:50:51Z,0.033075906
2022-07-06T07:50:52Z,0.166337047
2022-07-06T07:50:53Z,0.10228536
2022-07-06T07:50:54Z,0.169493655
2022-07-06T07:50:55Z,0.082603978
2022-07-06T07:50:56Z,0.024378364
2022-07-06T07:50:57Z,0.156868741
2022-07-06T07:50:58Z,0.063929461
2022-07-06T07:50:59Z,0.12602019
2022-07-06T07:51:00Z,0.035137192
2022-07-06T07:51:01Z,0.149657281
2022-07-06T07:51:02Z,0.100461701
2022-07-06T07:51:03Z,0.131631055
2022-07-06T07:51:04Z,0.043899611
2022-07-06T07:51:05Z,0.195670929
2022-07-06T07:51:06Z,0.191350117
2022-07-06T07:51:07Z,0.11171915
2022-07-06T07:51:08Z,0.032053605
2022-07-06T07:51:09Z,0.096448362
2022-07-06T07:51:10Z,0.079349962
2022-07-06T07:51:11Z,0.024581173
2022-07-06T07:51:12Z,0.025596039
2022-07-06T07:51:13Z,0.027922074
2022-07-06T07:51:14Z,0.02593545
2022-07-06T07:51:15Z,0.033086949
2022-07-06T07:51:16Z,0.04726007
2022-07-06T07:51:17Z,0.03848713
2022-07-06T07:51:18Z,0.160801698
2022-07-06T07:51:19Z,0.1263527
2022-07-06T07:51:20Z,0.046904492
2022-07-06T07:51:21Z,0.059534673
2022-07-06T07:51:22Z,0.12198352
2022-07-06T07:51:23Z,0.052131598
2022-07-06T07:51:24Z,0.094084439
2022-07-06T07:51:25Z,0.134867648
2022-07-06T07:51:26Z,0.062226183
2022-07-06T07:51:27Z,0.091202035
2022-07-06T07:51:28Z,0.096137859
2022-07-06T07:51:29Z,0.104491092
2022-07-06T07:51:30Z,0.097127966
2022-07-06T07:51:31Z,0.06440498
2022-07-06T07:51:32Z,0.101881819
2022-07-06T07:51:33Z,0.199534644
2022-07-06T07:51:34Z,0.074783946
2022-07-06T07:51:35Z,0
2022-07-06T07:51:36Z,0
2022-07-06T07:51:37Z,0
2022-07-06T07:51:38Z,0.041436571
2022-07-06T07:51:39Z,0.038671791
2022-07-06T07:51:40Z,0.035810634
2022-07-06T07:51:41Z,0.140992921
2022-07-06T07:51:42Z,0
2022-07-06T07:51:43Z,0.05291508
2022-07-06T07:51:44Z,0.119660229
2022-07-06T07:51:45Z,0.129738707
2022-07-06T07:51:46Z,0.023838634
2022-07-06T07:51:47Z,0.123586803
2022-07-06T07:51:48Z,0.089095336
2022-07-06T07:51:49Z,0.019762531
2022-07-06T07:51:50Z,0.020994993
2022-07-06T07:51:51Z,0.103802947
2022-07-06T07:51:52Z,0.079228021
2022-07-06T07:51:53Z,0.03901278
2022-07-06T07:51:54Z,0.106587136
2022-07-06T07:51:55Z,0.144262785
2022-07-06T07:51:56Z,0.08706207
2022-07-06T07:51:57Z,0.16325946
2022-07-06T07:51:58Z,0
2022-07-06T07:51:59Z,0
2022-07-06T07:52:00Z,0.077296091
2022-07-06T07:52:01Z,0.058100748
2022-07-06T07:52:02Z,0.061191523
2022-07-06T07:52:03Z,0.08592376
2022-07-06T07:52:04Z,0.033467197
2022-07-06T07:52:05Z,0.030265789
2022-07-06T07:52:06Z,0.119503109
2022-07-06T07:52:07Z,0.091691483
2022-07-06T07:52:08Z,0.184393548
2022-07-06T07:52:09Z,0.107419241
2022-07-06T07:52:10Z,0.158624616
2022-07-06T07:52:11Z,0.149578131
2022-07-06T07:52:12Z,0.240594086
2022-07-06T07:52:13Z,0.155111152
2022-07-06T07:52:14Z,0.195824626
2022-07-06T07:52:15Z,0.1398156
2022-07-06T07:52:16Z,0.139232999
2022-07-06T07:52:17Z,0.13079771
2022-07-06T07:52:18Z,0.053672881
2022-07-06T07:52:19Z,0.109713737
2022-07-06T07:52:20Z,0.138252049
2022-07-06T07:52:21Z,0.139127789
2022-07-06T07:52:22Z,0.102158036
2022-07-06T07:52:23Z,0.096617489
2022-07-06T07:52:24Z,0
2022-07-06T07:52:25Z,0
2022-07-06T07:52:26Z,0
2022-07-06T07:52:27Z,0
2022-07-06T07:52:28Z,0
2022-07-06T07:52:29Z,0.068897519
2022-07-06T07:52:30Z,0.054185698
2022-07-06T07:52:31Z,0.065073075
2022-07-06T07:52:32Z,0.10547682
2022-07-06T07:52:33Z,0.056437862
2022-07-06T07:52:34Z,0.098703712
2022-07-06T07:52:35Z,0.143318897
2022-07-06T07:52:36Z,0.057044495
2022-07-06T07:52:37Z,0
2022-07-06T07:52:38Z,0.032146953
2022-07-06T07:52:39Z,0.068135615
2022-07-06T07:52:40Z,0.0345143
2022-07-06T07:52:41Z,0.028306669
2022-07-06T07:52:42Z,0.13119922
2022-07-06T07:52:43Z,0.093609772
2022-07-06T07:52:44Z,0.111790187
2022-07-06T07:52:45Z,0.065272681
2022-07-06T07:52:46Z,0.159018861
2022-07-06T07:52:47Z,0
2022-07-06T07:52:48Z,0.265375073
2022-07-06T07:52:49Z,0
2022-07-06T07:52:50Z,0.056610337
2022-07-06T07:52:51Z,0.026644044
2022-07-06T07:52:52Z,0.040819652
2022-07-06T07:52:53Z,0.134977015
2022-07-06T07:52:54Z,0.168534336
2022-07-06T07:52:55Z,0.086555578
2022-07-06T07:52:56Z,0.057411278
2022-07-06T07:52:57Z,0.037244402
2022-07-06T07:52:58Z,0.113274303
2022-07-06T07:52:59Z,0.156909585
2022-07-06T07:53:00Z,0.096042254
2022-07-06T07:53:01Z,0.067464457
2022-07-06T07:53:02Z,0.058373145
2022-07-06T07:53:03Z,0.048008603
2022-07-06T07:53:04Z,0.12614217
2022-07-06T07:53:05Z,0.077186121
2022-07-06T07:53:06Z,0.042879382
2022-07-06T07:53:07Z,0.031014263
2022-07-06T07:53:08Z,0.139571711
2022-07-06T07:53:09Z,0.027108383
2022-07-06T07:53:10Z,0
2022-07-06T07:53:11Z,0
2022-07-06T07:53:12Z,0
2022-07-06T07:53:13Z,0.025265991
2022-07-06T07:53:14Z,0
2022-07-06T07:53:15Z,0.047219927
2022-07-06T07:53:16Z,0.083109434
2022-07-06T07:53:17Z,0.108607093
2022-07-06T07:53:18Z,0.098319718
2022-07-06T07:53:19Z,0.022012934
2022-07-06T07:53:20Z,0.064929719
2022-07-06T07:53:21Z,0.036960536
2022-07-06T07:53:22Z,0.068536856
2022-07-06T07:53:23Z,0.012398281
2022-07-06T07:53:24Z,0.035305312
2022-07-06T07:53:25Z,0.024153733
2022-07-06T07:53:26Z,0.031750779
2022-07-06T07:53:27Z,0.092612686
2022-07-06T07:53:28Z,0.126743402
2022-07-06T07:53:29Z,0.068594712
2022-07-06T07:53:30Z,0.138665408
2022-07-06T07:53:31Z,0.046813024
2022-07-06T07:53:32Z,0.072990046
2022-07-06T07:53:33Z,0.171567595
2022-07-06T07:53:34Z,0.0518767
2022-07-06T07:53:35Z,0.031958699
2022-07-06T07:53:36Z,0.073333735
2022-07-06T07:53:37Z,0
2022-07-06T07:53:38Z,0.023187512
2022-07-06T07:53:39Z,0.031672523
2022-07-06T07:53:40Z,0.091103855
2022-07-06T07:53:41Z,0
2022-07-06T07:53:42Z,0.098339861
2022-07-06T07:53:43Z,0.080119433
2022-07-06T07:53:44Z,0.043646436
2022-07-06T07:53:45Z,0.091445521
2022-07-06T07:53:46Z,0.067771121
2022-07-06T07:53:47Z,0.049768578
2022-07-06T07:53:48Z,0.067455979
2022-07-06T07:53:49Z,0.141028754
2022-07-06T07:53:50Z,0.045219329
2022-07-06T07:53:51Z,0.032382889
2022-07-06T07:53:52Z,0.075100266
2022-07-06T07:53:53Z,0.038989846
2022-07-06T07:53:54Z,0.093396609
2022-07-06T07:53:55Z,0.067976197
2022-07-06T07:53:56Z,0.083262873
2022-07-06T07:53:57Z,0.01511263
2022-07-06T07:53:58Z,0.031549757
2022-07-06T07:53:59Z,0
2022-07-06T07:54:00Z,0
2022-07-06T07:54:01Z,0.017214486
2022-07-06T07:54:02Z,0.015541992
2022-07-06T07:54:03Z,0
2022-07-06T07:54:04Z,0.027199844
2022-07-06T07:54:05Z,0.053744802
2022-07-06T07:54:06Z,0.056755113
2022-07-06T07:54:07Z,0.070873939
2022-07-06T07:54:08Z,0.19022951
2022-07-06T07:54:09Z,0.175895409
2022-07-06T07:54:10Z,0.022875979
2022-07-06T07:54:11Z,0
2022-07-06T07:54:12Z,0.136814032
2022-07-06T07:54:13Z,0.058507486
2022-07-06T07:54:14Z,0.102270756
2022-07-06T07:54:15Z,0.067260961
2022-07-06T07:54:16Z,0.152671999
2022-07-06T07:54:17Z,0.069818222
2022-07-06T07:54:18Z,0.030305772
2022-07-06T07:54:19Z,0.092117003
2022-07-06T07:54:20Z,0.122981774
2022-07-06T07:54:21Z,0.087057227
2022-07-06T07:54:22Z,0.075299201
2022-07-06T07:54:23Z,0.06217695
2022-07-06T07:54:24Z,0.020886039
2022-07-06T07:54:25Z,0.081482004
2022-07-06T07:54:26Z,0.027014134
2022-07-06T07:54:27Z,0.082719406
2022-07-06T07:54:28Z,0.038537181
2022-07-06T07:54:29Z,0.090543853
2022-07-06T07:54:30Z,0.02593545
2022-07-06T07:54:31Z,0.090692829
2022-07-06T07:54:32Z,0.091546302
2022-07-06T07:54:33Z,0.095626354
2022-07-06T07:54:34Z,0
2022-07-06T07:54:35Z,0
2022-07-06T07:54:36Z,0.02726704
2022-07-06T07:54:37Z,0.02410281
2022-07-06T07:54:38Z,0.072297652
2022-07-06T07:54:39Z,0.123486239
2022-07-06T07:54:40Z,0.077453589
2022-07-06T07:54:41Z,0.056625579
2022-07-06T07:54:42Z,0.155090293
2022-07-06T07:54:43Z,0.079595064
2022-07-06T07:54:44Z,0.053225614
2022-07-06T07:54:45Z,0.057411278
2022-07-06T07:54:46Z,0.077171347
2022-07-06T07:54:47Z,0
2022-07-06T07:54:48Z,0.075126421
2022-07-06T07:54:49Z,0
2022-07-06T07:54:50Z,0
2022-07-06T07:54:51Z,0.026463036
2022-07-06T07:54:52Z,0.024228588
2022-07-06T07:54:53Z,0.055182797
2022-07-06T07:54:54Z,0.096076901
2022-07-06T07:54:55Z,0.059431847
2022-07-06T07:54:56Z,0.018731902
2022-07-06T07:54:57Z,0.033970516
2022-07-06T07:54:58Z,0.049963174
2022-07-06T07:54:59Z,0.073295374
2022-07-06T07:55:00Z,0.017715538
2022-07-06T07:55:01Z,0.014656639
2022-07-06T07:55:02Z,0.155132712
2022-07-06T07:55:03Z,0.06544162
2022-07-06T07:55:04Z,0.122764473
2022-07-06T07:55:05Z,0.054046417
2022-07-06T07:55:06Z,0.0682777
2022-07-06T07:55:07Z,0.101718543
2022-07-06T07:55:08Z,0.093454286
2022-07-06T07:55:09Z,0.043184362
2022-07-06T07:55:10Z,0.100507073
2022-07-06T07:55:11Z,0.019571935
2022-07-06T07:55:12Z,0
2022-07-06T07:55:13Z,0
2022-07-06T07:55:14Z,0.027139956
2022-07-06T07:55:15Z,0.092632629
2022-07-06T07:55:16Z,0.098676638
2022-07-06T07:55:17Z,0
2022-07-06T07:55:18Z,0.111323659
2022-07-06T07:55:19Z,0.09473019
2022-07-06T07:55:20Z,0.061070711
2022-07-06T07:55:21Z,0.184778321
2022-07-06T07:55:22Z,0.055986691
2022-07-06T07:55:23Z,0.1626448
2022-07-06T07:55:24Z,0.026215643
2022-07-06T07:55:25Z,0
2022-07-06T07:55:26Z,0.054655617
2022-07-06T07:55:27Z,0.070766925
2022-07-06T07:55:28Z,0.067217215
2022-07-06T07:55:29Z,0.046060828
2022-07-06T07:55:30Z,0.083297951
2022-07-06T07:55:31Z,0.082190208
2022-07-06T07:55:32Z,0.046792553
2022-07-06T07:55:33Z,0.06755715
2022-07-06T07:55:34Z,0.099050882
2022-07-06T07:55:35Z,0
2022-07-06T07:55:36Z,0.108246374
2022-07-06T07:55:37Z,0
2022-07-06T07:55:38Z,0
2022-07-06T07:55:39Z,0.037750185
2022-07-06T07:55:40Z,0.030345868
2022-07-06T07:55:41Z,0.057665227
2022-07-06T07:55:42Z,0.167740717
2022-07-06T07:55:43Z,0.104621649
2022-07-06T07:55:44Z,0.051974117
2022-07-06T07:55:45Z,0.070438547
2022-07-06T07:55:46Z,0.11437533
2022-07-06T07:55:47Z,0.028754095
2022-07-06T07:55:48Z,0.068742658
2022-07-06T07:55:49Z,0.041552256
2022-07-06T07:55:50Z,0.033571348
2022-07-06T07:55:51Z,0.014724879
2022-07-06T07:55:52Z,0.046095581
2022-07-06T07:55:53Z,0.031859775
2022-07-06T07:55:54Z,0.094121536
2022-07-06T07:55:55Z,0.11471875
2022-07-06T07:55:56Z,0.093755302
2022-07-06T07:55:57Z,0.108989489
2022-07-06T07:55:58Z,0.031129909
2022-07-06T07:55:59Z,0
2022-07-06T07:56:00Z,0.020155867
2022-07-06T07:56:01Z,0.016795241
2022-07-06T07:56:02Z,0
2022-07-06T07:56:03Z,0
2022-07-06T07:56:04Z,0.017481869
2022-07-06T07:56:05Z,0.015638795
2022-07-06T07:56:06Z,0.037878947
2022-07-06T07:56:07Z,0.148708295
2022-07-06T07:56:08Z,0.073220308
2022-07-06T07:56:09Z,0.105045533
2022-07-06T07:56:10Z,0.107710488
2022-07-06T07:56:11Z,0.07484115
2022-07-06T07:56:12Z,0.103775267
2022-07-06T07:56:13Z,0.052336697
2022-07-06T07:56:14Z,0.03993039
2022-07-06T07:56:15Z,0.052659027
2022-07-06T07:56:16Z,0.071593754
2022-07-06T07:56:17Z,0.072107773
2022-07-06T07:56:18Z,0.144072213
2022-07-06T07:56:19Z,0.078873737
2022-07-06T07:56:20Z,0.090543853
2022-07-06T07:56:21Z,0
2022-07-06T07:56:22Z,0.182296624
2022-07-06T07:56:23Z,0.100643816
2022-07-06T07:56:24Z,0
2022-07-06T07:56:25Z,0
2022-07-06T07:56:26Z,0
2022-07-06T07:56:27Z,0.06466105
2022-07-06T07:56:28Z,0.106102129
2022-07-06T07:56:29Z,0.09834524
2022-07-06T07:56:30Z,0.055426072
2022-07-06T07:56:31Z,0.026036719
2022-07-06T07:56:32Z,0.058176602
2022-07-06T07:56:33Z,0.116440355
2022-07-06T07:56:34Z,0.067489739
2022-07-06T07:56:35Z,0.091155535
2022-07-06T07:56:36Z,0.052217415
2022-07-06T07:56:37Z,0.028401045
2022-07-06T07:56:38Z,0.060309912
2022-07-06T07:56:39Z,0.057683226
2022-07-06T07:56:40Z,0.049602244
2022-07-06T07:56:41Z,0.054771619
2022-07-06T07:56:42Z,0.014455899
2022-07-06T07:56:43Z,0.055635719
2022-07-06T07:56:44Z,0.07748895
2022-07-06T07:56:45Z,0.067760259
2022-07-06T07:56:46Z,0.033919454
2022-07-06T07:56:47Z,0.030948232
2022-07-06T07:56:48Z,0
2022-07-06T07:56:49Z,0
2022-07-06T07:56:50Z,0
2022-07-06T07:56:51Z,0
2022-07-06T07:56:52Z,0
2022-07-06T07:56:53Z,0.101500336
2022-07-06T07:56:54Z,0.136502962
2022-07-06T07:56:55Z,0.048341332
2022-07-06T07:56:56Z,0.055919637
2022-07-06T07:56:57Z,0.052826774
2022-07-06T07:56:58Z,0.079329846
2022-07-06T07:56:59Z,0.03331088
2022-07-06T07:57:00Z,0.048306771
2022-07-06T07:57:01Z,0.034002579
2022-07-06T07:57:02Z,0.04780164
2022-07-06T07:57:03Z,0.133780751
2022-07-06T07:57:04Z,0.063853685
2022-07-06T07:57:05Z,0
2022-07-06T07:57:06Z,0.073869151
2022-07-06T07:57:07Z,0.043582908
2022-07-06T07:57:08Z,0
2022-07-06T07:57:09Z,0.06200697
2022-07-06T07:57:10Z,0.140069615
2022-07-06T07:57:11Z,0.111985656
2022-07-06T07:57:12Z,0
2022-07-06T07:57:13Z,0.058427456
2022-07-06T07:57:14Z,0.070887934
2022-07-06T07:57:15Z,0.031869234
2022-07-06T07:57:16Z,0
2022-07-06T07:57:17Z,0.05568038
2022-07-06T07:57:18Z,0.030919399
2022-07-06T07:57:19Z,0.040222151
2022-07-06T07:57:20Z,0.084627271
2022-07-06T07:57:21Z,0.157906374
2022-07-06T07:57:22Z,0.099165572
2022-07-06T07:57:23Z,0.051043017
2022-07-06T07:57:24Z,0.023695835
2022-07-06T07:57:25Z,0.133631809
2022-07-06T07:57:26Z,0.143759858
2022-07-06T07:57:27Z,0.138905239
2022-07-06T07:57:28Z,0.096357519
2022-07-06T07:57:29Z,0.098277544
2022-07-06T07:57:30Z,0.11251834
2022-07-06T07:57:31Z,0.074768663
2022-07-06T07:57:32Z,0.038008655
2022-07-06T07:57:33Z,0.016354175
2022-07-06T07:57:34Z,0.118983509
2022-07-06T07:57:35Z,0
2022-07-06T07:57:36Z,0
2022-07-06T07:57:37Z,0
2022-07-06T07:57:38Z,0
2022-07-06T07:57:39Z,0.020636446
2022-07-06T07:57:40Z,0.043044731
2022-07-06T07:57:41Z,0.125135782
2022-07-06T07:57:42Z,0.099581351
2022-07-06T07:57:43Z,0.085903048
2022-07-06T07:57:44Z,0.066698821
2022-07-06T07:57:45Z,0.034228321
2022-07-06T07:57:46Z,0.028479871
2022-07-06T07:57:47Z,0.164303777
2022-07-06T07:57:48Z,0.020290722
2022-07-06T07:57:49Z,0.172537619
2022-07-06T07:57:50Z,0.115026757
2022-07-06T07:57:51Z,0.141194458
2022-07-06T07:57:52Z,0.079900598
2022-07-06T07:57:53Z,0.114593617
2022-07-06T07:57:54Z,0.11299851
2022-07-06T07:57:55Z,0.078187239
2022-07-06T07:57:56Z,0.152226805
2022-07-06T07:57:57Z,0.058237037
2022-07-06T07:57:58Z,0.038270958
2022-07-06T07:57:59Z,0.045436612
2022-07-06T07:58:00Z,0.051111264
2022-07-06T07:58:01Z,0
2022-07-06T07:58:02Z,0
2022-07-06T07:58:03Z,0.057248497
2022-07-06T07:58:04Z,0
2022-07-06T07:58:05Z,0.084808608
2022-07-06T07:58:06Z,0.058237037
2022-07-06T07:58:07Z,0.126405989
2022-07-06T07:58:08Z,0.086026927
2022-07-06T07:58:09Z,0.137123319
2022-07-06T07:58:10Z,0.121840086
2022-07-06T07:58:11Z,0.050317613
2022-07-06T07:58:12Z,0.071673803
2022-07-06T07:58:13Z,0.051289859
2022-07-06T07:58:14Z,0.094021006
2022-07-06T07:58:15Z,0.020566298
2022-07-06T07:58:16Z,0.122752343
2022-07-06T07:58:17Z,0.105419075
2022-07-06T07:58:18Z,0.190503181
2022-07-06T07:58:19Z,0.104723329
2022-07-06T07:58:20Z,0.126449945
2022-07-06T07:58:21Z,0.088594544
2022-07-06T07:58:22Z,0
2022-07-06T07:58:23Z,0.095325811
2022-07-06T07:58:24Z,0.157667727
2022-07-06T07:58:25Z,0.064291787
2022-07-06T07:58:26Z,0.068395342
2022-07-06T07:58:27Z,0.025992958
2022-07-06T07:58:28Z,0
2022-07-06T07:58:29Z,0.021142167
2022-07-06T07:58:30Z,0.072067862
2022-07-06T07:58:31Z,0.127522869
2022-07-06T07:58:32Z,0.043846004
2022-07-06T07:58:33Z,0.102474501
2022-07-06T07:58:34Z,0.075841506
2022-07-06T07:58:35Z,0.020496658
2022-07-06T07:58:36Z,0.13399494
2022-07-06T07:58:37Z,0.091121163
2022-07-06T07:58:38Z,0.118097055
2022-07-06T07:58:39Z,0.033014048
2022-07-06T07:58:40Z,0.163675978
2022-07-06T07:58:41Z,0.124695374
2022-07-06T07:58:42Z,0.095002032
2022-07-06T07:58:43Z,0.10280643
2022-07-06T07:58:44Z,0.028861852
2022-07-06T07:58:45Z,0.058069843
2022-07-06T07:58:46Z,0.050886592
2022-07-06T07:58:47Z,0.050818298
2022-07-06T07:58:48Z,0
2022-07-06T07:58:49Z,0.083542888
2022-07-06T07:58:50Z,0
2022-07-06T07:58:51Z,0.081423909
2022-07-06T07:58:52Z,0.04791156
2022-07-06T07:58:53Z,0.122015346
2022-07-06T07:58:54Z,0.088739418
2022-07-06T07:58:55Z,0.082762145
2022-07-06T07:58:56Z,0.066779641
2022-07-06T07:58:57Z,0.113670824
2022-07-06T07:58:58Z,0.021597223
2022-07-06T07:58:59Z,0.168748936
2022-07-06T07:59:00Z,0.041971531
2022-07-06T07:59:01Z,0.042983942
2022-07-06T07:59:02Z,0.145007336
2022-07-06T07:59:03Z,0.04672709
2022-07-06T07:59:04Z,0.032553618
2022-07-06T07:59:05Z,0.040039251
2022-07-06T07:59:06Z,0.055153759
2022-07-06T07:59:07Z,0.05751181
2022-07-06T07:59:08Z,0.04120289
2022-07-06T07:59:09Z,0.078540244
2022-07-06T07:59:10Z,0.116289752
2022-07-06T07:59:11Z,0.087543036
2022-07-06T07:59:12Z,0
2022-07-06T07:59:13Z,0.031151045
2022-07-06T07:59:14Z,0
2022-07-06T07:59:15Z,0.02994995
2022-07-06T07:59:16Z,0.067297143
2022-07-06T07:59:17Z,0.084505276
2022-07-06T07:59:18Z,0.049852109
2022-07-06T07:59:19Z,0.094084439
2022-07-06T07:59:20Z,0.044896126
2022-07-06T07:59:21Z,0.073280042
2022-07-06T07:59:22Z,0.131044651
2022-07-06T07:59:23Z,0.103941167
2022-07-06T07:59:24Z,0.033616506
2022-07-06T07:59:25Z,0.02672151
2022-07-06T07:59:26Z,0.0820588
2022-07-06T07:59:27Z,0.057321828
2022-07-06T07:59:28Z,0.067005871
2022-07-06T07:59:29Z,0.134292433
2022-07-06T07:59:30Z,0.015094534
2022-07-06T07:59:31Z,0.063949371
2022-07-06T07:59:32Z,0.094378812
2022-07-06T07:59:33Z,0.021393407
2022-07-06T07:59:34Z,0
2022-07-06T07:59:35Z,0
2022-07-06T07:59:36Z,0
2022-07-06T07:59:37Z,0
2022-07-06T07:59:38Z,0
2022-07-06T07:59:39Z,0
2022-07-06T07:59:40Z,0.100294352
2022-07-06T07:59:41Z,0
2022-07-06T07:59:42Z,0.103653372
2022-07-06T07:59:43Z,0.12418227
2022-07-06T07:59:44Z,0
2022-07-06T07:59:45Z,0.051166117
2022-07-06T07:59:46Z,0.040222151
2022-07-06T07:59:47Z,0.170572066
2022-07-06T07:59:48Z,0.128615883
2022-07-06T07:59:49Z,0
2022-07-06T07:59:50Z,0
2022-07-06T07:59:51Z,0.145693649
2022-07-06T07:59:52Z,0.181988135
2022-07-06T07:59:53Z,0.038073868
2022-07-06T07:59:54Z,0.114912726
2022-07-06T07:59:55Z,0.064841538
2022-07-06T07:59:56Z,0.048708313
2022-07-06T07:59:57Z,0.116297801
2022-07-06T07:59:58Z,0.076599161
2022-07-06T07:59:59Z,0
2022-07-06T08:00:00Z,0.043763623
2022-07-06T08:00:01Z,0
2022-07-06T08:00:02Z,0.041436571
2022-07-06T08:00:03Z,0
2022-07-06T08:00:04Z,0.081914674
2022-07-06T08:00:05Z,0.110843899
2022-07-06T08:00:06Z,0.125102941
2022-07-06T08:00:07Z,0.102134705
2022-07-06T08:00:08Z,0.063327434
2022-07-06T08:00:09Z,0.033666593
2022-07-06T08:00:10Z,0.05745902
2022-07-06T08:00:11Z,0.023008392
2022-07-06T08:00:12Z,0.03762236
2022-07-06T08:00:13Z,0.026766196
2022-07-06T08:00:14Z,0.136910411
2022-07-06T08:00:15Z,0.024581173
2022-07-06T08:00:16Z,0.050723619
2022-07-06T08:00:17Z,0.038807415
2022-07-06T08:00:18Z,0.107315396
2022-07-06T08:00:19Z,0.136491316
2022-07-06T08:00:20Z,0.111909909
2022-07-06T08:00:21Z,0.178791231
2022-07-06T08:00:22Z,0.087280589
2022-07-06T08:00:23Z,0
2022-07-06T08:00:24Z,0.070998947
2022-07-06T08:00:25Z,0.098617039
2022-07-06T08:00:26Z,0
2022-07-06T08:00:27Z,0.105197211
2022-07-06T08:00:28Z,0.109285715
2022-07-06T08:00:29Z,0.149690996
2022-07-06T08:00:30Z,0.060122449
2022-07-06T08:00:31Z,0.06825414
2022-07-06T08:00:32Z,0.056987672
2022-07-06T08:00:33Z,0.094667935
2022-07-06T08:00:34Z,0.132873588
2022-07-06T08:00:35Z,0.032507012
2022-07-06T08:00:36Z,0.147797415
2022-07-06T08:00:37Z,0.108649001
2022-07-06T08:00:38Z,0.126029698
2022-07-06T08:00:39Z,0.072537183
2022-07-06T08:00:40Z,0.313812964
2022-07-06T08:00:41Z,0.231206401
2022-07-06T08:00:42Z,0.176874214
2022-07-06T08:00:43Z,0.022073722
2022-07-06T08:00:44Z,0.116000861
2022-07-06T08:00:45Z,0.104188075
2022-07-06T08:00:46Z,0.040222151
2022-07-06T08:00:47Z,0.068124626
2022-07-06T08:00:48Z,0.055328485
2022-07-06T08:00:49Z,0.027788383
2022-07-06T08:00:50Z,0
2022-07-06T08:00:51Z,0
2022-07-06T08:00:52Z,0.035137192
2022-07-06T08:00:53Z,0.035137192
2022-07-06T08:00:54Z,0.112587599
2022-07-06T08:00:55Z,0.161052657
2022-07-06T08:00:56Z,0.15210503
2022-07-06T08:00:57Z,0.076734794
2022-07-06T08:00:58Z,0.170137153
2022-07-06T08:00:59Z,0.160941219
2022-07-06T08:01:00Z,0.120086427
2022-07-06T08:01:01Z,0.045995325
2022-07-06T08:01:02Z,0.238024383
2022-07-06T08:01:03Z,0.180780761
2022-07-06T08:01:04Z,0.127418512
2022-07-06T08:01:05Z,0.080246616
2022-07-06T08:01:06Z,0.326562134
2022-07-06T08:01:07Z,0.286396957
2022-07-06T08:01:08Z,0.083900984
2022-07-06T08:01:09Z,0.128533387
2022-07-06T08:01:10Z,0.032414229
2022-07-06T08:01:11Z,0.082372815
2022-07-06T08:01:12Z,0
2022-07-06T08:01:13Z,0
2022-07-06T08:01:14Z,0
2022-07-06T08:01:15Z,0.458685816
2022-07-06T08:01:16Z,0.195909271
2022-07-06T08:01:17Z,0.787126586
2022-07-06T08:01:18Z,0.182679634
2022-07-06T08:01:19Z,0.26777756
2022-07-06T08:01:20Z,0.304046765
2022-07-06T08:01:21Z,0.282268061
2022-07-06T08:01:22Z,0.320930168
2022-07-06T08:01:23Z,0.247935838
2022-07-06T08:01:24Z,0.273769169
2022-07-06T08:01:25Z,0.320691519
2022-07-06T08:01:26Z,0.167288532
2022-07-06T08:01:27Z,0.172440478
2022-07-06T08:01:28Z,0.213562002
2022-07-06T08:01:29Z,0.088339936
2022-07-06T08:01:30Z,0.201415264
2022-07-06T08:01:31Z,0.122711712
2022-07-06T08:01:32Z,0.151113335
2022-07-06T08:01:33Z,0.368842098
2022-07-06T08:01:34Z,0.156720742
2022-07-06T08:01:35Z,0.099476237
2022-07-06T08:01:36Z,0.183946913
2022-07-06T08:01:37Z,0.076264605
2022-07-06T08:01:38Z,0.058100748
2022-07-06T08:01:39Z,0.180159677
2022-07-06T08:01:40Z,0.059431847
2022-07-06T08:01:41Z,0.148708295
2022-07-06T08:01:42Z,0.095656948
2022-07-06T08:01:43Z,0.1602263
2022-07-06T08:01:44Z,0.414025616
2022-07-06T08:01:45Z,0.324477263
2022-07-06T08:01:46Z,0.153944214
2022-07-06T08:01:47Z,0.060070368
2022-07-06T08:01:48Z,0.142369766
2022-07-06T08:01:49Z,0.127418512
2022-07-06T08:01:50Z,0.093634079
2022-07-06T08:01:51Z,0.137099479
2022-07-06T08:01:52Z,0.062981168
2022-07-06T08:01:53Z,0.131250178
2022-07-06T08:01:54Z,0.211611487
2022-07-06T08:01:55Z,0.067834283
2022-07-06T08:01:56Z,0.208775611
2022-07-06T08:01:57Z,0.103942942
2022-07-06T08:01:58Z,0
2022-07-06T08:01:59Z,0.076424293
2022-07-06T08:02:00Z,0.088094619
2022-07-06T08:02:01Z,0.034280386
2022-07-06T08:02:02Z,0.039360297
2022-07-06T08:02:03Z,0
2022-07-06T08:02:04Z,0.038944066
2022-07-06T08:02:05Z,0.181760117
2022-07-06T08:02:06Z,0.185210472
2022-07-06T08:02:07Z,0.13079771
2022-07-06T08:02:08Z,0.133100581
2022-07-06T08:02:09Z,0.054750658
2022-07-06T08:02:10Z,0.030588853
2022-07-06T08:02:11Z,0.129981241
2022-07-06T08:02:12Z,0.091000572
2022-07-06T08:02:13Z,0.19464543
2022-07-06T08:02:14Z,0.221786515
2022-07-06T08:02:15Z,0.229835784
2022-07-06T08:02:16Z,0.298229429
2022-07-06T08:02:17Z,0.129233775
2022-07-06T08:02:18Z,0.196094161
2022-07-06T08:02:19Z,0.040518534
2022-07-06T08:02:20Z,0.070998947
2022-07-06T08:02:21Z,0.075841506
2022-07-06T08:02:22Z,0.081801001
2022-07-06T08:02:23Z,0
2022-07-06T08:02:24Z,0
2022-07-06T08:02:25Z,0.09140162
2022-07-06T08:02:26Z,0
2022-07-06T08:02:27Z,0
2022-07-06T08:02:28Z,0
2022-07-06T08:02:29Z,0.053633168
2022-07-06T08:02:30Z,0.268181511
2022-07-06T08:02:31Z,0.218877727
2022-07-06T08:02:32Z,0.323712966
2022-07-06T08:02:33Z,0.12565805
2022-07-06T08:02:34Z,0.092277248
2022-07-06T08:02:35Z,0.077016876
2022-07-06T08:02:36Z,0.37144808
2022-07-06T08:02:37Z,0.193323722
2022-07-06T08:02:38Z,0.063458116
2022-07-06T08:02:39Z,0.226712156
2022-07-06T08:02:40Z,0.05307228
2022-07-06T08:02:41Z,0.133363452
2022-07-06T08:02:42Z,0.125285509
2022-07-06T08:02:43Z,0.096211953
2022-07-06T08:02:44Z,0.096524468
2022-07-06T08:02:45Z,0.089247701
2022-07-06T08:02:46Z,0.118896063
2022-07-06T08:02:47Z,0.031429842
2022-07-06T08:02:48Z,0
2022-07-06T08:02:49Z,0.036512412
2022-07-06T08:02:50Z,0
2022-07-06T08:02:51Z,0
2022-07-06T08:02:52Z,0
2022-07-06T08:02:53Z,0.101066964
2022-07-06T08:02:54Z,0.14854949
2022-07-06T08:02:55Z,0.08612162
2022-07-06T08:02:56Z,0.164942004
2022-07-06T08:02:57Z,0.286377131
2022-07-06T08:02:58Z,0.132065356
2022-07-06T08:02:59Z,0.273640256
2022-07-06T08:03:00Z,0.3838234
2022-07-06T08:03:01Z,0.084262429
2022-07-06T08:03:02Z,0.329041357
2022-07-06T08:03:03Z,0.226328688
2022-07-06T08:03:04Z,0.1791419
2022-07-06T08:03:05Z,0.300468154
2022-07-06T08:03:06Z,0.226509156
2022-07-06T08:03:07Z,0
2022-07-06T08:03:08Z,0.122309327
2022-07-06T08:03:09Z,0.169607419
2022-07-06T08:03:10Z,0
2022-07-06T08:03:11Z,0.028193633
2022-07-06T08:03:12Z,0
2022-07-06T08:03:13Z,0
2022-07-06T08:03:14Z,0.097305232
2022-07-06T08:03:15Z,0.119059089
2022-07-06T08:03:16Z,0.116603741
2022-07-06T08:03:17Z,0.060474298
2022-07-06T08:03:18Z,0.22568442
2022-07-06T08:03:19Z,0.140777365
2022-07-06T08:03:20Z,0.192457489
2022-07-06T08:03:21Z,0.189225973
2022-07-06T08:03:22Z,0.041593949
2022-07-06T08:03:23Z,0.250209517
2022-07-06T08:03:24Z,0.186639729
2022-07-06T08:03:25Z,0.073518541
2022-07-06T08:03:26Z,0.081949111
2022-07-06T08:03:27Z,0.201485114
2022-07-06T08:03:28Z,0.115151019
2022-07-06T08:03:29Z,0.077972764
2022-07-06T08:03:30Z,0.072448629
2022-07-06T08:03:31Z,0.0731093
2022-07-06T08:03:32Z,0.066868366
2022-07-06T08:03:33Z,0.057885125
2022-07-06T08:03:34Z,0.097274142
2022-07-06T08:03:35Z,0.033270318
2022-07-06T08:03:36Z,0
2022-07-06T08:03:37Z,0.038270958
2022-07-06T08:03:38Z,0.087280589
2022-07-06T08:03:39Z,0.105367748
2022-07-06T08:03:40Z,0.123399132
2022-07-06T08:03:41Z,0.042565916
2022-07-06T08:03:42Z,0.231474224
2022-07-06T08:03:43Z,0.089834052
2022-07-06T08:03:44Z,0.074647565
2022-07-06T08:03:45Z,0.099244105
2022-07-06T08:03:46Z,0.11535172
2022-07-06T08:03:47Z,0.217748817
2022-07-06T08:03:48Z,0.130506642
2022-07-06T08:03:49Z,0.10054853
2022-07-06T08:03:50Z,0.024683937
2022-07-06T08:03:51Z,0.100180074
2022-07-06T08:03:52Z,0.125226198
2022-07-06T08:03:53Z,0.117818872
2022-07-06T08:03:54Z,0.134172564
2022-07-06T08:03:55Z,0.074746866
2022-07-06T08:03:56Z,0.135709631
2022-07-06T08:03:57Z,0.076431907
2022-07-06T08:03:58Z,0
2022-07-06T08:03:59Z,0.193642805
2022-07-06T08:04:00Z,0.052826774
2022-07-06T08:04:01Z,0
2022-07-06T08:04:02Z,0.054466597
2022-07-06T08:04:03Z,0.05745902
2022-07-06T08:04:04Z,0.28750562
2022-07-06T08:04:05Z,0.075538555
2022-07-06T08:04:06Z,0.081126086
2022-07-06T08:04:07Z,0.215638033
2022-07-06T08:04:08Z,0.095725002
2022-07-06T08:04:09Z,0.175160569
2022-07-06T08:04:10Z,0.32902836
2022-07-06T08:04:11Z,0.102160652
2022-07-06T08:04:12Z,0.197419313
2022-07-06T08:04:13Z,0.101491079
2022-07-06T08:04:14Z,0.174792559
2022-07-06T08:04:15Z,0.03438503
2022-07-06T08:04:16Z,0.219887712
2022-07-06T08:04:17Z,0.101491079
2022-07-06T08:04:18Z,0.102699812
2022-07-06T08:04:19Z,0.112587599
2022-07-06T08:04:20Z,0.130223518
2022-07-06T08:04:21Z,0.139232999
2022-07-06T08:04:22Z,0.052046085
2022-07-06T08:04:23Z,0.04984622
2022-07-06T08:04:24Z,0.245849157
2022-07-06T08:04:25Z,0
2022-07-06T08:04:26Z,0
2022-07-06T08:04:27Z,0.212055605
2022-07-06T08:04:28Z,0.043913857
2022-07-06T08:04:29Z,0.053092652
2022-07-06T08:04:30Z,0.204968687
2022-07-06T08:04:31Z,0.035810634
2022-07-06T08:04:32Z,0.032979611
2022-07-06T08:04:33Z,0.080793136
2022-07-06T08:04:34Z,0.189990756
2022-07-06T08:04:35Z,0.17538077
2022-07-06T08:04:36Z,0.159674825
2022-07-06T08:04:37Z,0.137626131
2022-07-06T08:04:38Z,0.19744147
2022-07-06T08:04:39Z,0.161966177
2022-07-06T08:04:40Z,0.111648352